departamento,anio,poblacion_total,tasa_vif_total,tasa_divorcios_10k,vif_alto,div_alto,pct_educacion_superior,pct_uniones_hecho,pct_casados,pct_decision_mujer,pct_decision_hombre,tasa_desempleo,tasa_quehaceres_hogar,regimen
Alta Verapaz,2013,1215038,27.398320052541568,0.979393237083943,True,False,2.070863560171225,18.382794624838862,34.81548474765405,12.244469152447406,32.76660567486408,2.142470175280189,36.34419139333063,Violencia_atrapada
Baja Verapaz,2013,299476,39.20180582083373,3.2723824279741947,True,True,2.932476408021828,17.504230676248874,35.28054328476297,18.716821316706618,23.28426687057924,1.9486604869104616,33.063007826387135,Conflicto_visible
Chimaltenango,2013,615776,27.834797069064077,1.0393389804084603,True,False,3.1773399014778327,9.358587598631967,39.7263094207709,14.75674865736615,20.614654227423642,1.4770505539521461,30.973856418257935,Violencia_atrapada
Chiquimula,2013,415063,10.576707632335332,2.0960673439935626,False,False,3.0157272659327985,20.84351438975461,27.39678706459148,22.093777841327807,28.37863105909786,2.3626738974620256,34.036707820765905,Baja_conflictividad
El Progreso,2013,176632,63.748358168395306,4.076271570270393,True,True,3.7996482035007437,20.29035110236445,30.243005048344312,20.840024427204668,23.44559292515776,3.426497159507105,30.695256024710073,Conflicto_visible
Escuintla,2013,733181,10.638573558234597,2.0867971210383245,False,False,3.3783330875551325,23.93258951819256,27.491172313329677,19.911110628737642,22.055200408087956,5.183616048920911,30.007759429890275,Baja_conflictividad
Guatemala,2013,3015081,21.156977208904173,5.979938847414049,False,True,12.215548422107702,15.032453685676117,33.034474029392534,21.314537028304706,21.00012884492517,3.3694119055547036,20.609889856091065,Resolucion_legal
Huehuetenango,2013,1170669,15.802929777759555,1.0677655255242942,False,False,2.3664469066767917,23.631981324773854,29.816399182958857,17.36016174915608,36.5771648770733,1.9342831472211524,38.4459069584633,Baja_conflictividad
Izabal,2013,408688,19.917394198019025,3.0096308186195824,False,True,2.6535696605755366,25.093448594539492,25.184912299645262,20.854345578460954,27.173844238600637,3.377008039453142,30.873849662024593,Resolucion_legal
Jalapa,2013,342923,24.37865060086375,2.857784400579722,False,True,2.984230595230401,18.866085428858728,29.344547139208128,20.255077040344098,27.102956389176242,1.6277946150129574,34.04875788670401,Resolucion_legal
Jutiapa,2013,488395,23.915068745585028,6.1016185669386465,False,True,3.2240785955640465,18.29292383190202,31.48198207564825,21.452122603132732,28.17319961975558,2.486654972678975,34.31759158418804,Resolucion_legal
Petén,2013,545600,19.886363636363633,2.346041055718475,False,False,2.6312740959631578,25.729307591245863,27.000864473086562,15.554753309265944,26.384275972723625,2.383808815413777,34.4206944988141,Baja_conflictividad
Quetzaltenango,2013,799101,25.491145674952225,3.166057857517385,True,True,11.881213795513238,14.36205967215194,35.293446209454956,19.169478922381742,23.14362523594349,2.004369156988077,30.54778198036686,Conflicto_visible
Quiché,2013,949261,7.81660681308934,1.25360675304263,False,False,1.5805467551475039,19.572474469846327,30.609735698753482,16.396780136351367,38.31978033583272,1.5600085043053045,36.256118930821835,Baja_conflictividad
Retalhuleu,2013,326828,50.69945047547946,4.253001578812096,True,True,3.408938036430167,17.025846723470913,33.059992563232306,20.926036466247016,21.92316040807467,4.218354988535481,32.1626210250998,Conflicto_visible
Sacatepéquez,2013,330469,53.378683023218514,2.60236209750385,True,True,7.167719815620097,11.934820959037456,38.361871230741116,15.224706692478595,23.038445047877662,2.2762432493249327,22.35029208709506,Conflicto_visible
San Marcos,2013,1032277,22.648959533148567,0.7362364946618011,False,False,2.9338896857478156,20.897340627985677,30.080213557592973,17.352008404764007,32.26850079040129,2.422489126531264,35.081320543934666,Baja_conflictividad
Santa Rosa,2013,396607,36.35841021464573,1.7145436162246253,True,False,3.3948018644170395,21.22431830864855,28.435076555975343,20.540837504578196,26.000081390143652,2.98811013767209,31.783792187025757,Violencia_atrapada
Sololá,2013,421583,25.380530049835976,0.9250847401342084,True,False,2.652163000644282,15.839384104460713,34.266737112234885,14.870279299589987,25.541135654794584,1.3471634567761472,31.370180813572528,Violencia_atrapada
Suchitepéquez,2013,554695,44.3126402797934,3.677696752269265,True,True,3.1429394068764207,16.613649949014874,33.41787878432705,19.762368586286286,24.281551366058636,3.2982298902083795,31.63304190963398,Conflicto_visible
Totonicapán,2013,418569,13.35502629196142,1.6006918811474333,False,False,2.2779306737322997,10.932695910108462,37.53603309316432,15.848058815942215,28.365793886237583,1.4891246146944328,31.69004583459436,Baja_conflictividad
Zacapa,2013,245374,30.40256913935462,6.43915003219575,True,True,3.8874886849718675,22.96687717489367,26.262147183915452,23.702719073899583,27.594561852200833,3.5436566985071765,28.753328205431632,Conflicto_visible
Alta Verapaz,2014,1215038,26.279013495874203,1.1275367519369766,True,False,2.070863560171225,18.382794624838862,34.81548474765405,12.244469152447406,32.76660567486408,2.142470175280189,36.34419139333063,Violencia_atrapada
Baja Verapaz,2014,299476,40.90478034967744,3.7398656319705084,True,True,2.932476408021828,17.504230676248874,35.28054328476297,18.716821316706618,23.28426687057924,1.9486604869104616,33.063007826387135,Conflicto_visible
Chimaltenango,2014,615776,30.85537598087616,1.8350828872836875,True,False,3.1773399014778327,9.358587598631967,39.7263094207709,14.75674865736615,20.614654227423642,1.4770505539521461,30.973856418257935,Violencia_atrapada
Chiquimula,2014,415063,10.889913097529773,3.565723757598244,False,True,3.0157272659327985,20.84351438975461,27.39678706459148,22.093777841327807,28.37863105909786,2.3626738974620256,34.036707820765905,Resolucion_legal
El Progreso,2014,176632,60.35146519316998,5.831332940803478,True,True,3.7996482035007437,20.29035110236445,30.243005048344312,20.840024427204668,23.44559292515776,3.426497159507105,30.695256024710073,Conflicto_visible
Escuintla,2014,733181,7.528836671981407,3.5871087766867937,False,True,3.3783330875551325,23.93258951819256,27.491172313329677,19.911110628737642,22.055200408087956,5.183616048920911,30.007759429890275,Resolucion_legal
Guatemala,2014,3015081,18.39751568863324,6.566987752567842,False,True,12.215548422107702,15.032453685676117,33.034474029392534,21.314537028304706,21.00012884492517,3.3694119055547036,20.609889856091065,Resolucion_legal
Huehuetenango,2014,1170669,11.600204669295932,1.5717508535717613,False,False,2.3664469066767917,23.631981324773854,29.816399182958857,17.36016174915608,36.5771648770733,1.9342831472211524,38.4459069584633,Baja_conflictividad
Izabal,2014,408688,16.296049798379205,3.939435461770348,False,True,2.6535696605755366,25.093448594539492,25.184912299645262,20.854345578460954,27.173844238600637,3.377008039453142,30.873849662024593,Resolucion_legal
Jalapa,2014,342923,28.373716548612954,3.061911857763988,True,False,2.984230595230401,18.866085428858728,29.344547139208128,20.255077040344098,27.102956389176242,1.6277946150129574,34.04875788670401,Violencia_atrapada
Jutiapa,2014,488395,26.74065049805997,6.818251620102581,True,True,3.2240785955640465,18.29292383190202,31.48198207564825,21.452122603132732,28.17319961975558,2.486654972678975,34.31759158418804,Conflicto_visible
Petén,2014,545600,17.961876832844574,2.4376832844574783,False,False,2.6312740959631578,25.729307591245863,27.000864473086562,15.554753309265944,26.384275972723625,2.383808815413777,34.4206944988141,Baja_conflictividad
Quetzaltenango,2014,799101,21.086195612319347,4.7803719429709135,False,True,11.881213795513238,14.36205967215194,35.293446209454956,19.169478922381742,23.14362523594349,2.004369156988077,30.54778198036686,Resolucion_legal
Quiché,2014,949261,12.28323927771182,1.6539181531738898,False,False,1.5805467551475039,19.572474469846327,30.609735698753482,16.396780136351367,38.31978033583272,1.5600085043053045,36.256118930821835,Baja_conflictividad
Retalhuleu,2014,326828,51.28079601502932,4.283598712472616,True,True,3.408938036430167,17.025846723470913,33.059992563232306,20.926036466247016,21.92316040807467,4.218354988535481,32.1626210250998,Conflicto_visible
Sacatepéquez,2014,330469,47.356938169692164,4.145623341372413,True,True,7.167719815620097,11.934820959037456,38.361871230741116,15.224706692478595,23.038445047877662,2.2762432493249327,22.35029208709506,Conflicto_visible
San Marcos,2014,1032277,20.992427420159512,1.8405912366545025,False,False,2.9338896857478156,20.897340627985677,30.080213557592973,17.352008404764007,32.26850079040129,2.422489126531264,35.081320543934666,Baja_conflictividad
Santa Rosa,2014,396607,32.95453685890567,3.3030178489033224,True,False,3.3948018644170395,21.22431830864855,28.435076555975343,20.540837504578196,26.000081390143652,2.98811013767209,31.783792187025757,Violencia_atrapada
Sololá,2014,421583,23.174558746439015,1.3994871709722643,False,False,2.652163000644282,15.839384104460713,34.266737112234885,14.870279299589987,25.541135654794584,1.3471634567761472,31.370180813572528,Baja_conflictividad
Suchitepéquez,2014,554695,44.97967351427361,3.4253057986821585,True,False,3.1429394068764207,16.613649949014874,33.41787878432705,19.762368586286286,24.281551366058636,3.2982298902083795,31.63304190963398,Violencia_atrapada
Totonicapán,2014,418569,15.146845561902579,2.1024012767309572,False,False,2.2779306737322997,10.932695910108462,37.53603309316432,15.848058815942215,28.365793886237583,1.4891246146944328,31.69004583459436,Baja_conflictividad
Zacapa,2014,245374,28.527879889474843,5.950100662661896,True,True,3.8874886849718675,22.96687717489367,26.262147183915452,23.702719073899583,27.594561852200833,3.5436566985071765,28.753328205431632,Conflicto_visible
Alta Verapaz,2015,1215038,28.805683443645382,1.489665343799947,True,False,2.070863560171225,18.382794624838862,34.81548474765405,12.244469152447406,32.76660567486408,2.142470175280189,36.34419139333063,Violencia_atrapada
Baja Verapaz,2015,299476,28.48308378634682,4.474482095393287,True,False,2.932476408021828,17.504230676248874,35.28054328476297,18.716821316706618,23.28426687057924,1.9486604869104616,33.063007826387135,Violencia_atrapada
Chimaltenango,2015,615776,29.539962583796704,2.5009094216078576,True,False,3.1773399014778327,9.358587598631967,39.7263094207709,14.75674865736615,20.614654227423642,1.4770505539521461,30.973856418257935,Violencia_atrapada
Chiquimula,2015,415063,9.516627596292611,4.5053401531815656,False,True,3.0157272659327985,20.84351438975461,27.39678706459148,22.093777841327807,28.37863105909786,2.3626738974620256,34.036707820765905,Resolucion_legal
El Progreso,2015,176632,49.53802255536936,6.963630599211921,True,True,3.7996482035007437,20.29035110236445,30.243005048344312,20.840024427204668,23.44559292515776,3.426497159507105,30.695256024710073,Conflicto_visible
Escuintla,2015,733181,6.028525016332938,5.3329259759868295,False,True,3.3783330875551325,23.93258951819256,27.491172313329677,19.911110628737642,22.055200408087956,5.183616048920911,30.007759429890275,Resolucion_legal
Guatemala,2015,3015081,20.443895205468774,8.978199922323812,False,True,12.215548422107702,15.032453685676117,33.034474029392534,21.314537028304706,21.00012884492517,3.3694119055547036,20.609889856091065,Resolucion_legal
Huehuetenango,2015,1170669,8.59337694941952,1.8707252007185633,False,False,2.3664469066767917,23.631981324773854,29.816399182958857,17.36016174915608,36.5771648770733,1.9342831472211524,38.4459069584633,Baja_conflictividad
Izabal,2015,408688,14.191755079669576,4.722428845476256,False,True,2.6535696605755366,25.093448594539492,25.184912299645262,20.854345578460954,27.173844238600637,3.377008039453142,30.873849662024593,Resolucion_legal
Jalapa,2015,342923,20.90848382873123,3.965904882437165,False,False,2.984230595230401,18.866085428858728,29.344547139208128,20.255077040344098,27.102956389176242,1.6277946150129574,34.04875788670401,Baja_conflictividad
Jutiapa,2015,488395,17.117292355572847,6.900152540464173,False,True,3.2240785955640465,18.29292383190202,31.48198207564825,21.452122603132732,28.17319961975558,2.486654972678975,34.31759158418804,Resolucion_legal
Petén,2015,545600,23.44208211143695,3.280791788856305,True,False,2.6312740959631578,25.729307591245863,27.000864473086562,15.554753309265944,26.384275972723625,2.383808815413777,34.4206944988141,Violencia_atrapada
Quetzaltenango,2015,799101,22.21246125333343,6.106862586831952,True,True,11.881213795513238,14.36205967215194,35.293446209454956,19.169478922381742,23.14362523594349,2.004369156988077,30.54778198036686,Conflicto_visible
Quiché,2015,949261,11.429943924800451,1.9278154269479102,False,False,1.5805467551475039,19.572474469846327,30.609735698753482,16.396780136351367,38.31978033583272,1.5600085043053045,36.256118930821835,Baja_conflictividad
Retalhuleu,2015,326828,46.07928329274114,5.782858261838031,True,True,3.408938036430167,17.025846723470913,33.059992563232306,20.926036466247016,21.92316040807467,4.218354988535481,32.1626210250998,Conflicto_visible
Sacatepéquez,2015,330469,47.145117998965105,4.599523707216108,True,True,7.167719815620097,11.934820959037456,38.361871230741116,15.224706692478595,23.038445047877662,2.2762432493249327,22.35029208709506,Conflicto_visible
San Marcos,2015,1032277,19.40370656325773,2.98369526783993,False,False,2.9338896857478156,20.897340627985677,30.080213557592973,17.352008404764007,32.26850079040129,2.422489126531264,35.081320543934666,Baja_conflictividad
Santa Rosa,2015,396607,23.953182873726384,5.496625122602476,True,True,3.3948018644170395,21.22431830864855,28.435076555975343,20.540837504578196,26.000081390143652,2.98811013767209,31.783792187025757,Conflicto_visible
Sololá,2015,421583,15.085997300650169,1.6604085079331945,False,False,2.652163000644282,15.839384104460713,34.266737112234885,14.870279299589987,25.541135654794584,1.3471634567761472,31.370180813572528,Baja_conflictividad
Suchitepéquez,2015,554695,40.00396614355636,3.9120597806001496,True,False,3.1429394068764207,16.613649949014874,33.41787878432705,19.762368586286286,24.281551366058636,3.2982298902083795,31.63304190963398,Violencia_atrapada
Totonicapán,2015,418569,12.208261959199081,2.8669108319058507,False,False,2.2779306737322997,10.932695910108462,37.53603309316432,15.848058815942215,28.365793886237583,1.4891246146944328,31.69004583459436,Baja_conflictividad
Zacapa,2015,245374,24.819255503843113,7.661773456030386,True,True,3.8874886849718675,22.96687717489367,26.262147183915452,23.702719073899583,27.594561852200833,3.5436566985071765,28.753328205431632,Conflicto_visible
Alta Verapaz,2016,1215038,28.772762662566933,0.9382422607358781,True,False,2.070863560171225,18.382794624838862,34.81548474765405,12.244469152447406,32.76660567486408,2.142470175280189,36.34419139333063,Violencia_atrapada
Baja Verapaz,2016,299476,24.91017644151785,3.840040604255433,True,True,2.932476408021828,17.504230676248874,35.28054328476297,18.716821316706618,23.28426687057924,1.9486604869104616,33.063007826387135,Conflicto_visible
Chimaltenango,2016,615776,27.250168892584316,1.7214051863015123,True,False,3.1773399014778327,9.358587598631967,39.7263094207709,14.75674865736615,20.614654227423642,1.4770505539521461,30.973856418257935,Violencia_atrapada
Chiquimula,2016,415063,9.926203973854571,3.8066510385170447,False,False,3.0157272659327985,20.84351438975461,27.39678706459148,22.093777841327807,28.37863105909786,2.3626738974620256,34.036707820765905,Baja_conflictividad
El Progreso,2016,176632,38.15843108836451,5.378413877440101,True,True,3.7996482035007437,20.29035110236445,30.243005048344312,20.840024427204668,23.44559292515776,3.426497159507105,30.695256024710073,Conflicto_visible
Escuintla,2016,733181,4.0235630765118024,4.050841470250866,False,True,3.3783330875551325,23.93258951819256,27.491172313329677,19.911110628737642,22.055200408087956,5.183616048920911,30.007759429890275,Resolucion_legal
Guatemala,2016,3015081,19.60809676423287,7.10428675050521,False,True,12.215548422107702,15.032453685676117,33.034474029392534,21.314537028304706,21.00012884492517,3.3694119055547036,20.609889856091065,Resolucion_legal
Huehuetenango,2016,1170669,10.489728522750667,1.5034138599382063,False,False,2.3664469066767917,23.631981324773854,29.816399182958857,17.36016174915608,36.5771648770733,1.9342831472211524,38.4459069584633,Baja_conflictividad
Izabal,2016,408688,14.338566339114434,4.6245546725130176,False,True,2.6535696605755366,25.093448594539492,25.184912299645262,20.854345578460954,27.173844238600637,3.377008039453142,30.873849662024593,Resolucion_legal
Jalapa,2016,342923,17.205028534102407,3.6742942293167857,False,False,2.984230595230401,18.866085428858728,29.344547139208128,20.255077040344098,27.102956389176242,1.6277946150129574,34.04875788670401,Baja_conflictividad
Jutiapa,2016,488395,21.109962223200483,4.811679071243563,False,True,3.2240785955640465,18.29292383190202,31.48198207564825,21.452122603132732,28.17319961975558,2.486654972678975,34.31759158418804,Resolucion_legal
Petén,2016,545600,23.36876832844575,2.272727272727273,True,False,2.6312740959631578,25.729307591245863,27.000864473086562,15.554753309265944,26.384275972723625,2.383808815413777,34.4206944988141,Violencia_atrapada
Quetzaltenango,2016,799101,23.551465959872406,5.068195384563404,True,True,11.881213795513238,14.36205967215194,35.293446209454956,19.169478922381742,23.14362523594349,2.004369156988077,30.54778198036686,Conflicto_visible
Quiché,2016,949261,10.513441508710459,1.7487287479418199,False,False,1.5805467551475039,19.572474469846327,30.609735698753482,16.396780136351367,38.31978033583272,1.5600085043053045,36.256118930821835,Baja_conflictividad
Retalhuleu,2016,326828,51.953932955560724,5.721663994516994,True,True,3.408938036430167,17.025846723470913,33.059992563232306,20.926036466247016,21.92316040807467,4.218354988535481,32.1626210250998,Conflicto_visible
Sacatepéquez,2016,330469,43.302094901488495,4.024583243814094,True,True,7.167719815620097,11.934820959037456,38.361871230741116,15.224706692478595,23.038445047877662,2.2762432493249327,22.35029208709506,Conflicto_visible
San Marcos,2016,1032277,19.75245016599227,2.257146095476311,False,False,2.9338896857478156,20.897340627985677,30.080213557592973,17.352008404764007,32.26850079040129,2.422489126531264,35.081320543934666,Baja_conflictividad
Santa Rosa,2016,396607,25.768581996787752,4.513283930944235,True,True,3.3948018644170395,21.22431830864855,28.435076555975343,20.540837504578196,26.000081390143652,2.98811013767209,31.783792187025757,Conflicto_visible
Sololá,2016,421583,12.903746118795112,1.4943676571398752,False,False,2.652163000644282,15.839384104460713,34.266737112234885,14.870279299589987,25.541135654794584,1.3471634567761472,31.370180813572528,Baja_conflictividad
Suchitepéquez,2016,554695,40.436636349705694,3.3892499481697147,True,False,3.1429394068764207,16.613649949014874,33.41787878432705,19.762368586286286,24.281551366058636,3.2982298902083795,31.63304190963398,Violencia_atrapada
Totonicapán,2016,418569,11.563207022020265,2.054619429532526,False,False,2.2779306737322997,10.932695910108462,37.53603309316432,15.848058815942215,28.365793886237583,1.4891246146944328,31.69004583459436,Baja_conflictividad
Zacapa,2016,245374,21.96646751489563,6.031608890917538,True,True,3.8874886849718675,22.96687717489367,26.262147183915452,23.702719073899583,27.594561852200833,3.5436566985071765,28.753328205431632,Conflicto_visible
Alta Verapaz,2017,1215038,34.73142403776672,0.9217818701966523,True,False,2.070863560171225,18.382794624838862,34.81548474765405,12.244469152447406,32.76660567486408,2.142470175280189,36.34419139333063,Violencia_atrapada
Baja Verapaz,2017,299476,21.20370246697565,3.9068239191120493,True,True,2.932476408021828,17.504230676248874,35.28054328476297,18.716821316706618,23.28426687057924,1.9486604869104616,33.063007826387135,Conflicto_visible
Chimaltenango,2017,615776,26.68178038767344,2.0949176323858025,True,False,3.1773399014778327,9.358587598631967,39.7263094207709,14.75674865736615,20.614654227423642,1.4770505539521461,30.973856418257935,Violencia_atrapada
Chiquimula,2017,415063,10.817634913254132,3.9512074070683245,False,True,3.0157272659327985,20.84351438975461,27.39678706459148,22.093777841327807,28.37863105909786,2.3626738974620256,34.036707820765905,Resolucion_legal
El Progreso,2017,176632,45.68821051678065,6.114407355405589,True,True,3.7996482035007437,20.29035110236445,30.243005048344312,20.840024427204668,23.44559292515776,3.426497159507105,30.695256024710073,Conflicto_visible
Escuintla,2017,733181,5.141977219813389,4.705522919988379,False,True,3.3783330875551325,23.93258951819256,27.491172313329677,19.911110628737642,22.055200408087956,5.183616048920911,30.007759429890275,Resolucion_legal
Guatemala,2017,3015081,17.55508392643514,6.882070498271854,False,True,12.215548422107702,15.032453685676117,33.034474029392534,21.314537028304706,21.00012884492517,3.3694119055547036,20.609889856091065,Resolucion_legal
Huehuetenango,2017,1170669,9.362168127797013,1.5973772261843442,False,False,2.3664469066767917,23.631981324773854,29.816399182958857,17.36016174915608,36.5771648770733,1.9342831472211524,38.4459069584633,Baja_conflictividad
Izabal,2017,408688,15.831147476803821,5.970324550757546,False,True,2.6535696605755366,25.093448594539492,25.184912299645262,20.854345578460954,27.173844238600637,3.377008039453142,30.873849662024593,Resolucion_legal
Jalapa,2017,342923,20.354423587802508,3.820099555876975,True,False,2.984230595230401,18.866085428858728,29.344547139208128,20.255077040344098,27.102956389176242,1.6277946150129574,34.04875788670401,Violencia_atrapada
Jutiapa,2017,488395,22.399901718895567,3.6855414162716653,True,False,3.2240785955640465,18.29292383190202,31.48198207564825,21.452122603132732,28.17319961975558,2.486654972678975,34.31759158418804,Violencia_atrapada
Petén,2017,545600,19.758064516129036,2.8225806451612905,False,False,2.6312740959631578,25.729307591245863,27.000864473086562,15.554753309265944,26.384275972723625,2.383808815413777,34.4206944988141,Baja_conflictividad
Quetzaltenango,2017,799101,18.508298700664874,5.743954769171856,False,True,11.881213795513238,14.36205967215194,35.293446209454956,19.169478922381742,23.14362523594349,2.004369156988077,30.54778198036686,Resolucion_legal
Quiché,2017,949261,7.27934677607107,1.3694863688701,False,False,1.5805467551475039,19.572474469846327,30.609735698753482,16.396780136351367,38.31978033583272,1.5600085043053045,36.256118930821835,Baja_conflictividad
Retalhuleu,2017,326828,45.92629762443855,4.6813614500593586,True,True,3.408938036430167,17.025846723470913,33.059992563232306,20.926036466247016,21.92316040807467,4.218354988535481,32.1626210250998,Conflicto_visible
Sacatepéquez,2017,330469,48.2042188526004,4.660043755995267,True,True,7.167719815620097,11.934820959037456,38.361871230741116,15.224706692478595,23.038445047877662,2.2762432493249327,22.35029208709506,Conflicto_visible
San Marcos,2017,1032277,17.6309265826905,2.867447400261751,False,False,2.9338896857478156,20.897340627985677,30.080213557592973,17.352008404764007,32.26850079040129,2.422489126531264,35.081320543934666,Baja_conflictividad
Santa Rosa,2017,396607,27.432697859594004,4.336786793979935,True,True,3.3948018644170395,21.22431830864855,28.435076555975343,20.540837504578196,26.000081390143652,2.98811013767209,31.783792187025757,Conflicto_visible
Sololá,2017,421583,12.998626604962723,1.5892481433074863,False,False,2.652163000644282,15.839384104460713,34.266737112234885,14.870279299589987,25.541135654794584,1.3471634567761472,31.370180813572528,Baja_conflictividad
Suchitepéquez,2017,554695,36.52457656910555,2.8484121904830584,True,False,3.1429394068764207,16.613649949014874,33.41787878432705,19.762368586286286,24.281551366058636,3.2982298902083795,31.63304190963398,Violencia_atrapada
Totonicapán,2017,418569,10.798697466845372,2.5802197487152654,False,False,2.2779306737322997,10.932695910108462,37.53603309316432,15.848058815942215,28.365793886237583,1.4891246146944328,31.69004583459436,Baja_conflictividad
Zacapa,2017,245374,28.405617547091378,6.724428831090498,True,True,3.8874886849718675,22.96687717489367,26.262147183915452,23.702719073899583,27.594561852200833,3.5436566985071765,28.753328205431632,Conflicto_visible
Alta Verapaz,2018,1215038,32.031919989333666,1.0946159708585246,True,False,2.070863560171225,18.382794624838862,34.81548474765405,12.244469152447406,32.76660567486408,2.142470175280189,36.34419139333063,Violencia_atrapada
Baja Verapaz,2018,299476,18.36541158556946,4.674832039963136,False,True,2.932476408021828,17.504230676248874,35.28054328476297,18.716821316706618,23.28426687057924,1.9486604869104616,33.063007826387135,Resolucion_legal
Chimaltenango,2018,615776,26.649301044535676,2.387231720625682,True,False,3.1773399014778327,9.358587598631967,39.7263094207709,14.75674865736615,20.614654227423642,1.4770505539521461,30.973856418257935,Violencia_atrapada
Chiquimula,2018,415063,13.347371362901535,4.192134687987125,False,False,3.0157272659327985,20.84351438975461,27.39678706459148,22.093777841327807,28.37863105909786,2.3626738974620256,34.036707820765905,Baja_conflictividad
El Progreso,2018,176632,57.917025227591836,6.510711535848544,True,True,3.7996482035007437,20.29035110236445,30.243005048344312,20.840024427204668,23.44559292515776,3.426497159507105,30.695256024710073,Conflicto_visible
Escuintla,2018,733181,7.4742798845032805,4.119037454598524,False,False,3.3783330875551325,23.93258951819256,27.491172313329677,19.911110628737642,22.055200408087956,5.183616048920911,30.007759429890275,Baja_conflictividad
Guatemala,2018,3015081,17.767350197225216,7.2469031511922894,False,True,12.215548422107702,15.032453685676117,33.034474029392534,21.314537028304706,21.00012884492517,3.3694119055547036,20.609889856091065,Resolucion_legal
Huehuetenango,2018,1170669,9.06319378065021,1.6486299714095103,False,False,2.3664469066767917,23.631981324773854,29.816399182958857,17.36016174915608,36.5771648770733,1.9342831472211524,38.4459069584633,Baja_conflictividad
Izabal,2018,408688,19.379086246721215,5.896918921035118,True,True,2.6535696605755366,25.093448594539492,25.184912299645262,20.854345578460954,27.173844238600637,3.377008039453142,30.873849662024593,Conflicto_visible
Jalapa,2018,342923,15.601169941940318,4.315837666181621,False,True,2.984230595230401,18.866085428858728,29.344547139208128,20.255077040344098,27.102956389176242,1.6277946150129574,34.04875788670401,Resolucion_legal
Jutiapa,2018,488395,25.90116606435365,5.139282752689933,True,True,3.2240785955640465,18.29292383190202,31.48198207564825,21.452122603132732,28.17319961975558,2.486654972678975,34.31759158418804,Conflicto_visible
Petén,2018,545600,14.644428152492669,3.0608504398826977,False,False,2.6312740959631578,25.729307591245863,27.000864473086562,15.554753309265944,26.384275972723625,2.383808815413777,34.4206944988141,Baja_conflictividad
Quetzaltenango,2018,799101,19.6846205923907,6.7075375953728,True,True,11.881213795513238,14.36205967215194,35.293446209454956,19.169478922381742,23.14362523594349,2.004369156988077,30.54778198036686,Conflicto_visible
Quiché,2018,949261,6.14161963885591,2.07529857436469,False,False,1.5805467551475039,19.572474469846327,30.609735698753482,16.396780136351367,38.31978033583272,1.5600085043053045,36.256118930821835,Baja_conflictividad
Retalhuleu,2018,326828,42.56061292178149,4.6813614500593586,True,True,3.408938036430167,17.025846723470913,33.059992563232306,20.926036466247016,21.92316040807467,4.218354988535481,32.1626210250998,Conflicto_visible
Sacatepéquez,2018,330469,53.07608277932272,4.629783731605688,True,True,7.167719815620097,11.934820959037456,38.361871230741116,15.224706692478595,23.038445047877662,2.2762432493249327,22.35029208709506,Conflicto_visible
San Marcos,2018,1032277,17.069061889395964,2.6543263097017564,False,False,2.9338896857478156,20.897340627985677,30.080213557592973,17.352008404764007,32.26850079040129,2.422489126531264,35.081320543934666,Baja_conflictividad
Santa Rosa,2018,396607,31.139137735844297,4.387214547398306,True,True,3.3948018644170395,21.22431830864855,28.435076555975343,20.540837504578196,26.000081390143652,2.98811013767209,31.783792187025757,Conflicto_visible
Sololá,2018,421583,11.622859555532363,1.6841286294750974,False,False,2.652163000644282,15.839384104460713,34.266737112234885,14.870279299589987,25.541135654794584,1.3471634567761472,31.370180813572528,Baja_conflictividad
Suchitepéquez,2018,554695,36.95724677525487,3.695724677525487,True,False,3.1429394068764207,16.613649949014874,33.41787878432705,19.762368586286286,24.281551366058636,3.2982298902083795,31.63304190963398,Violencia_atrapada
Totonicapán,2018,418569,9.269678356495584,3.2252746858940817,False,False,2.2779306737322997,10.932695910108462,37.53603309316432,15.848058815942215,28.365793886237583,1.4891246146944328,31.69004583459436,Baja_conflictividad
Zacapa,2018,245374,25.79735424291082,6.561412374579214,True,True,3.8874886849718675,22.96687717489367,26.262147183915452,23.702719073899583,27.594561852200833,3.5436566985071765,28.753328205431632,Conflicto_visible
Alta Verapaz,2019,1215038,35.91657215659099,1.1110763613977506,True,False,2.070863560171225,18.382794624838862,34.81548474765405,12.244469152447406,32.76660567486408,2.142470175280189,36.34419139333063,Violencia_atrapada
Baja Verapaz,2019,299476,27.815250637780657,5.275881873672681,True,True,2.932476408021828,17.504230676248874,35.28054328476297,18.716821316706618,23.28426687057924,1.9486604869104616,33.063007826387135,Conflicto_visible
Chimaltenango,2019,615776,28.208309515148365,2.7932235098477367,True,False,3.1773399014778327,9.358587598631967,39.7263094207709,14.75674865736615,20.614654227423642,1.4770505539521461,30.973856418257935,Violencia_atrapada
Chiquimula,2019,415063,12.961887713431455,4.408969240814045,False,False,3.0157272659327985,20.84351438975461,27.39678706459148,22.093777841327807,28.37863105909786,2.3626738974620256,34.036707820765905,Baja_conflictividad
El Progreso,2019,176632,59.728701481045334,8.26577290638163,True,True,3.7996482035007437,20.29035110236445,30.243005048344312,20.840024427204668,23.44559292515776,3.426497159507105,30.695256024710073,Conflicto_visible
Escuintla,2019,733181,17.84006950534725,5.305647582247767,False,True,3.3783330875551325,23.93258951819256,27.491172313329677,19.911110628737642,22.055200408087956,5.183616048920911,30.007759429890275,Resolucion_legal
Guatemala,2019,3015081,17.720916950489887,11.57846173950219,False,True,12.215548422107702,15.032453685676117,33.034474029392534,21.314537028304706,21.00012884492517,3.3694119055547036,20.609889856091065,Resolucion_legal
Huehuetenango,2019,1170669,7.79041727422525,2.1355310510485883,False,False,2.3664469066767917,23.631981324773854,29.816399182958857,17.36016174915608,36.5771648770733,1.9342831472211524,38.4459069584633,Baja_conflictividad
Izabal,2019,408688,17.12798026856673,5.211799710292448,False,True,2.6535696605755366,25.093448594539492,25.184912299645262,20.854345578460954,27.173844238600637,3.377008039453142,30.873849662024593,Resolucion_legal
Jalapa,2019,342923,11.227010145134622,5.423958148039064,False,True,2.984230595230401,18.866085428858728,29.344547139208128,20.255077040344098,27.102956389176242,1.6277946150129574,34.04875788670401,Resolucion_legal
Jutiapa,2019,488395,22.932257701245916,4.791203841153165,True,False,3.2240785955640465,18.29292383190202,31.48198207564825,21.452122603132732,28.17319961975558,2.486654972678975,34.31759158418804,Violencia_atrapada
Petén,2019,545600,15.065982404692082,3.464076246334311,False,False,2.6312740959631578,25.729307591245863,27.000864473086562,15.554753309265944,26.384275972723625,2.383808815413777,34.4206944988141,Baja_conflictividad
Quetzaltenango,2019,799101,24.91549879176725,8.196711054046986,True,True,11.881213795513238,14.36205967215194,35.293446209454956,19.169478922381742,23.14362523594349,2.004369156988077,30.54778198036686,Conflicto_visible
Quiché,2019,949261,6.26803376521315,2.15957465860285,False,False,1.5805467551475039,19.572474469846327,30.609735698753482,16.396780136351367,38.31978033583272,1.5600085043053045,36.256118930821835,Baja_conflictividad
Retalhuleu,2019,326828,55.10543772259415,6.02763533112218,True,True,3.408938036430167,17.025846723470913,33.059992563232306,20.926036466247016,21.92316040807467,4.218354988535481,32.1626210250998,Conflicto_visible
Sacatepéquez,2019,330469,38.55127107232448,5.083684097449382,True,True,7.167719815620097,11.934820959037456,38.361871230741116,15.224706692478595,23.038445047877662,2.2762432493249327,22.35029208709506,Conflicto_visible
San Marcos,2019,1032277,16.92375205492324,3.0515065239272015,False,False,2.9338896857478156,20.897340627985677,30.080213557592973,17.352008404764007,32.26850079040129,2.422489126531264,35.081320543934666,Baja_conflictividad
Santa Rosa,2019,396607,32.17290668092091,5.244486355510619,True,True,3.3948018644170395,21.22431830864855,28.435076555975343,20.540837504578196,26.000081390143652,2.98811013767209,31.783792187025757,Conflicto_visible
Sololá,2019,421583,12.310743080247544,2.609213369609306,False,False,2.652163000644282,15.839384104460713,34.266737112234885,14.870279299589987,25.541135654794584,1.3471634567761472,31.370180813572528,Baja_conflictividad
Suchitepéquez,2019,554695,36.236129765006,4.398813762518141,True,False,3.1429394068764207,16.613649949014874,33.41787878432705,19.762368586286286,24.281551366058636,3.2982298902083795,31.63304190963398,Violencia_atrapada
Totonicapán,2019,418569,10.081969758868908,3.7508750050768214,False,False,2.2779306737322997,10.932695910108462,37.53603309316432,15.848058815942215,28.365793886237583,1.4891246146944328,31.69004583459436,Baja_conflictividad
Zacapa,2019,245374,31.25840553603886,8.069314597308598,True,True,3.8874886849718675,22.96687717489367,26.262147183915452,23.702719073899583,27.594561852200833,3.5436566985071765,28.753328205431632,Conflicto_visible
Alta Verapaz,2020,1215038,31.916697255559086,0.8394799175005226,True,False,2.070863560171225,18.382794624838862,34.81548474765405,12.244469152447406,32.76660567486408,2.142470175280189,36.34419139333063,Violencia_atrapada
Baja Verapaz,2020,299476,30.553366546901923,1.6695828714154055,True,False,2.932476408021828,17.504230676248874,35.28054328476297,18.716821316706618,23.28426687057924,1.9486604869104616,33.063007826387135,Violencia_atrapada
Chimaltenango,2020,615776,30.222028789689755,1.9812399314036273,True,False,3.1773399014778327,9.358587598631967,39.7263094207709,14.75674865736615,20.614654227423642,1.4770505539521461,30.973856418257935,Violencia_atrapada
Chiquimula,2020,415063,13.540113187636576,2.481550993463643,False,False,3.0157272659327985,20.84351438975461,27.39678706459148,22.093777841327807,28.37863105909786,2.3626738974620256,34.036707820765905,Baja_conflictividad
El Progreso,2020,176632,49.76448208705104,3.8498120385887042,True,True,3.7996482035007437,20.29035110236445,30.243005048344312,20.840024427204668,23.44559292515776,3.426497159507105,30.695256024710073,Conflicto_visible
Escuintla,2020,733181,16.312479455959714,2.3459418615594236,False,False,3.3783330875551325,23.93258951819256,27.491172313329677,19.911110628737642,22.055200408087956,5.183616048920911,30.007759429890275,Baja_conflictividad
Guatemala,2020,3015081,11.336345524382264,4.513974914770118,False,True,12.215548422107702,15.032453685676117,33.034474029392534,21.314537028304706,21.00012884492517,3.3694119055547036,20.609889856091065,Resolucion_legal
Huehuetenango,2020,1170669,7.089963089481313,1.1788131401788209,False,False,2.3664469066767917,23.631981324773854,29.816399182958857,17.36016174915608,36.5771648770733,1.9342831472211524,38.4459069584633,Baja_conflictividad
Izabal,2020,408688,16.834357749677014,3.2787847942684882,False,True,2.6535696605755366,25.093448594539492,25.184912299645262,20.854345578460954,27.173844238600637,3.377008039453142,30.873849662024593,Resolucion_legal
Jalapa,2020,342923,10.206372859213294,2.6536569433954558,False,True,2.984230595230401,18.866085428858728,29.344547139208128,20.255077040344098,27.102956389176242,1.6277946150129574,34.04875788670401,Resolucion_legal
Jutiapa,2020,488395,26.474472506884798,3.1531854339213137,True,True,3.2240785955640465,18.29292383190202,31.48198207564825,21.452122603132732,28.17319961975558,2.486654972678975,34.31759158418804,Conflicto_visible
Petén,2020,545600,14.534457478005864,1.9428152492668622,False,False,2.6312740959631578,25.729307591245863,27.000864473086562,15.554753309265944,26.384275972723625,2.383808815413777,34.4206944988141,Baja_conflictividad
Quetzaltenango,2020,799101,21.436589367301504,4.692773504225373,True,True,11.881213795513238,14.36205967215194,35.293446209454956,19.169478922381742,23.14362523594349,2.004369156988077,30.54778198036686,Conflicto_visible
Quiché,2020,949261,3.88723438548513,1.5485730478761899,False,False,1.5805467551475039,19.572474469846327,30.609735698753482,16.396780136351367,38.31978033583272,1.5600085043053045,36.256118930821835,Baja_conflictividad
Retalhuleu,2020,326828,46.69122596595151,3.641058905601723,True,True,3.408938036430167,17.025846723470913,33.059992563232306,20.926036466247016,21.92316040807467,4.218354988535481,32.1626210250998,Conflicto_visible
Sacatepéquez,2020,330469,41.9403938039574,2.572102073114271,True,True,7.167719815620097,11.934820959037456,38.361871230741116,15.224706692478595,23.038445047877662,2.2762432493249327,22.35029208709506,Conflicto_visible
San Marcos,2020,1032277,16.390949328523256,1.995588393425408,False,False,2.9338896857478156,20.897340627985677,30.080213557592973,17.352008404764007,32.26850079040129,2.422489126531264,35.081320543934666,Baja_conflictividad
Santa Rosa,2020,396607,30.559218571533027,4.135075780306449,True,True,3.3948018644170395,21.22431830864855,28.435076555975343,20.540837504578196,26.000081390143652,2.98811013767209,31.783792187025757,Conflicto_visible
Sololá,2020,421583,12.38190344487325,0.972524983218014,False,False,2.652163000644282,15.839384104460713,34.266737112234885,14.870279299589987,25.541135654794584,1.3471634567761472,31.370180813572528,Baja_conflictividad
Suchitepéquez,2020,554695,33.13532662093583,2.8303842652268365,True,True,3.1429394068764207,16.613649949014874,33.41787878432705,19.762368586286286,24.281551366058636,3.2982298902083795,31.63304190963398,Conflicto_visible
Totonicapán,2020,418569,11.01371577923831,2.1024012767309572,False,False,2.2779306737322997,10.932695910108462,37.53603309316432,15.848058815942215,28.365793886237583,1.4891246146944328,31.69004583459436,Baja_conflictividad
Zacapa,2020,245374,35.170800492309695,3.708624385631729,True,True,3.8874886849718675,22.96687717489367,26.262147183915452,23.702719073899583,27.594561852200833,3.5436566985071765,28.753328205431632,Conflicto_visible
Alta Verapaz,2021,1215038,36.245779967375505,1.5966578823049156,True,False,2.070863560171225,18.382794624838862,34.81548474765405,12.244469152447406,32.76660567486408,2.142470175280189,36.34419139333063,Violencia_atrapada
Baja Verapaz,2021,299476,40.17016388625466,5.709973420240687,True,False,2.932476408021828,17.504230676248874,35.28054328476297,18.716821316706618,23.28426687057924,1.9486604869104616,33.063007826387135,Violencia_atrapada
Chimaltenango,2021,615776,34.6554591279946,4.189835264771605,True,False,3.1773399014778327,9.358587598631967,39.7263094207709,14.75674865736615,20.614654227423642,1.4770505539521461,30.973856418257935,Violencia_atrapada
Chiquimula,2021,415063,12.311384054950695,6.480943856715728,False,True,3.0157272659327985,20.84351438975461,27.39678706459148,22.093777841327807,28.37863105909786,2.3626738974620256,34.036707820765905,Resolucion_legal
El Progreso,2021,176632,70.42891435300511,11.662665881606957,True,True,3.7996482035007437,20.29035110236445,30.243005048344312,20.840024427204668,23.44559292515776,3.426497159507105,30.695256024710073,Conflicto_visible
Escuintla,2021,733181,22.327365275423123,6.765041647287641,False,True,3.3783330875551325,23.93258951819256,27.491172313329677,19.911110628737642,22.055200408087956,5.183616048920911,30.007759429890275,Resolucion_legal
Guatemala,2021,3015081,24.745603849448823,11.07432934637577,True,True,12.215548422107702,15.032453685676117,33.034474029392534,21.314537028304706,21.00012884492517,3.3694119055547036,20.609889856091065,Conflicto_visible
Huehuetenango,2021,1170669,7.7306224047958905,3.408307557473547,False,False,2.3664469066767917,23.631981324773854,29.816399182958857,17.36016174915608,36.5771648770733,1.9342831472211524,38.4459069584633,Baja_conflictividad
Izabal,2021,408688,21.997220373487846,7.58524840465098,False,True,2.6535696605755366,25.093448594539492,25.184912299645262,20.854345578460954,27.173844238600637,3.377008039453142,30.873849662024593,Resolucion_legal
Jalapa,2021,342923,11.139526949198508,7.086138870825229,False,True,2.984230595230401,18.866085428858728,29.344547139208128,20.255077040344098,27.102956389176242,1.6277946150129574,34.04875788670401,Resolucion_legal
Jutiapa,2021,488395,31.634230489665125,7.59631036353771,True,True,3.2240785955640465,18.29292383190202,31.48198207564825,21.452122603132732,28.17319961975558,2.486654972678975,34.31759158418804,Conflicto_visible
Petén,2021,545600,18.859970674486803,4.728739002932552,False,False,2.6312740959631578,25.729307591245863,27.000864473086562,15.554753309265944,26.384275972723625,2.383808815413777,34.4206944988141,Baja_conflictividad
Quetzaltenango,2021,799101,22.362630005468645,9.610800136653564,False,True,11.881213795513238,14.36205967215194,35.293446209454956,19.169478922381742,23.14362523594349,2.004369156988077,30.54778198036686,Resolucion_legal
Quiché,2021,949261,6.38391338104062,2.9496629483356,False,False,1.5805467551475039,19.572474469846327,30.609735698753482,16.396780136351367,38.31978033583272,1.5600085043053045,36.256118930821835,Baja_conflictividad
Retalhuleu,2021,326828,48.802428188527294,9.54630570208183,True,True,3.408938036430167,17.025846723470913,33.059992563232306,20.926036466247016,21.92316040807467,4.218354988535481,32.1626210250998,Conflicto_visible
Sacatepéquez,2021,330469,51.0184011208313,5.719144609630556,True,False,7.167719815620097,11.934820959037456,38.361871230741116,15.224706692478595,23.038445047877662,2.2762432493249327,22.35029208709506,Violencia_atrapada
San Marcos,2021,1032277,15.557839610879638,4.378669678778079,False,False,2.9338896857478156,20.897340627985677,30.080213557592973,17.352008404764007,32.26850079040129,2.422489126531264,35.081320543934666,Baja_conflictividad
Santa Rosa,2021,396607,38.602445241763256,8.14408217706697,True,True,3.3948018644170395,21.22431830864855,28.435076555975343,20.540837504578196,26.000081390143652,2.98811013767209,31.783792187025757,Conflicto_visible
Sololá,2021,421583,11.338218097029529,2.277131668022667,False,False,2.652163000644282,15.839384104460713,34.266737112234885,14.870279299589987,25.541135654794584,1.3471634567761472,31.370180813572528,Baja_conflictividad
Suchitepéquez,2021,554695,34.27108591207781,5.931187409297001,True,False,3.1429394068764207,16.613649949014874,33.41787878432705,19.762368586286286,24.281551366058636,3.2982298902083795,31.63304190963398,Violencia_atrapada
Totonicapán,2021,418569,12.99666243797319,4.3003662478587765,False,False,2.2779306737322997,10.932695910108462,37.53603309316432,15.848058815942215,28.365793886237583,1.4891246146944328,31.69004583459436,Baja_conflictividad
Zacapa,2021,245374,47.23401827414477,7.254232314752175,True,True,3.8874886849718675,22.96687717489367,26.262147183915452,23.702719073899583,27.594561852200833,3.5436566985071765,28.753328205431632,Conflicto_visible
Alta Verapaz,2022,1215038,36.895965393674935,1.6295786633833673,True,False,2.070863560171225,18.382794624838862,34.81548474765405,12.244469152447406,32.76660567486408,2.142470175280189,36.34419139333063,Violencia_atrapada
Baja Verapaz,2022,299476,44.14377112022332,4.841790327104676,True,False,2.932476408021828,17.504230676248874,35.28054328476297,18.716821316706618,23.28426687057924,1.9486604869104616,33.063007826387135,Violencia_atrapada
Chimaltenango,2022,615776,35.061450917216646,3.4103310294652602,True,False,3.1773399014778327,9.358587598631967,39.7263094207709,14.75674865736615,20.614654227423642,1.4770505539521461,30.973856418257935,Violencia_atrapada
Chiquimula,2022,415063,11.419953115551133,5.1076583554785655,False,False,3.0157272659327985,20.84351438975461,27.39678706459148,22.093777841327807,28.37863105909786,2.3626738974620256,34.036707820765905,Baja_conflictividad
El Progreso,2022,176632,63.63512840255446,10.134064042755558,True,True,3.7996482035007437,20.29035110236445,30.243005048344312,20.840024427204668,23.44559292515776,3.426497159507105,30.695256024710073,Conflicto_visible
Escuintla,2022,733181,23.82767693107159,6.778680844157172,False,True,3.3783330875551325,23.93258951819256,27.491172313329677,19.911110628737642,22.055200408087956,5.183616048920911,30.007759429890275,Resolucion_legal
Guatemala,2022,3015081,26.321017577968885,10.928396285207596,True,True,12.215548422107702,15.032453685676117,33.034474029392534,21.314537028304706,21.00012884492517,3.3694119055547036,20.609889856091065,Conflicto_visible
Huehuetenango,2022,1170669,8.499413583173382,3.8439558918874592,False,False,2.3664469066767917,23.631981324773854,29.816399182958857,17.36016174915608,36.5771648770733,1.9342831472211524,38.4459069584633,Baja_conflictividad
Izabal,2022,408688,22.511059781544848,6.998003366871551,False,True,2.6535696605755366,25.093448594539492,25.184912299645262,20.854345578460954,27.173844238600637,3.377008039453142,30.873849662024593,Resolucion_legal
Jalapa,2022,342923,13.443251108849509,6.940333544265039,False,True,2.984230595230401,18.866085428858728,29.344547139208128,20.255077040344098,27.102956389176242,1.6277946150129574,34.04875788670401,Resolucion_legal
Jutiapa,2022,488395,25.389285312093698,8.231042496340052,False,True,3.2240785955640465,18.29292383190202,31.48198207564825,21.452122603132732,28.17319961975558,2.486654972678975,34.31759158418804,Resolucion_legal
Petén,2022,545600,19.079912023460412,5.975073313782991,False,False,2.6312740959631578,25.729307591245863,27.000864473086562,15.554753309265944,26.384275972723625,2.383808815413777,34.4206944988141,Baja_conflictividad
Quetzaltenango,2022,799101,26.492270689186974,9.936165766279856,True,True,11.881213795513238,14.36205967215194,35.293446209454956,19.169478922381742,23.14362523594349,2.004369156988077,30.54778198036686,Conflicto_visible
Quiché,2022,949261,6.72101771799326,3.3078363063477796,False,False,1.5805467551475039,19.572474469846327,30.609735698753482,16.396780136351367,38.31978033583272,1.5600085043053045,36.256118930821835,Baja_conflictividad
Retalhuleu,2022,326828,48.251679782637964,10.127651241631684,True,True,3.408938036430167,17.025846723470913,33.059992563232306,20.926036466247016,21.92316040807467,4.218354988535481,32.1626210250998,Conflicto_visible
Sacatepéquez,2022,330469,51.23022129155836,5.265244243786861,True,False,7.167719815620097,11.934820959037456,38.361871230741116,15.224706692478595,23.038445047877662,2.2762432493249327,22.35029208709506,Violencia_atrapada
San Marcos,2022,1032277,16.53625916299598,5.4733370984726,False,False,2.9338896857478156,20.897340627985677,30.080213557592973,17.352008404764007,32.26850079040129,2.422489126531264,35.081320543934666,Baja_conflictividad
Santa Rosa,2022,396607,28.365611297833876,7.96758504010267,True,True,3.3948018644170395,21.22431830864855,28.435076555975343,20.540837504578196,26.000081390143652,2.98811013767209,31.783792187025757,Conflicto_visible
Sololá,2022,421583,8.37320290429168,3.249656651240681,False,False,2.652163000644282,15.839384104460713,34.266737112234885,14.870279299589987,25.541135654794584,1.3471634567761472,31.370180813572528,Baja_conflictividad
Suchitepéquez,2022,554695,31.90942770351274,8.743543749267616,True,True,3.1429394068764207,16.613649949014874,33.41787878432705,19.762368586286286,24.281551366058636,3.2982298902083795,31.63304190963398,Conflicto_visible
Totonicapán,2022,418569,10.989824855639094,4.8020756434423,False,False,2.2779306737322997,10.932695910108462,37.53603309316432,15.848058815942215,28.365793886237583,1.4891246146944328,31.69004583459436,Baja_conflictividad
Zacapa,2022,245374,37.086243856317296,7.947052254925135,True,True,3.8874886849718675,22.96687717489367,26.262147183915452,23.702719073899583,27.594561852200833,3.5436566985071765,28.753328205431632,Conflicto_visible
