departamento,anio,poblacion_total,vif_fisica_consolidada,vif_psicologica_consolidada,vif_patrimonial_consolidada,tasa_fisica,tasa_psicologica,tasa_patrimonial,tasa_divorcios_10k,pct_educacion_superior,pct_uniones_hecho,pct_casados,pct_decision_mujer,pct_decision_hombre,tasa_desempleo,tasa_quehaceres_hogar,vif_predominante
Alta Verapaz,2013,1215038,1947,2805,371,16.024190189936448,23.085697731264375,3.053402445026411,0.979393237083943,2.070863560171225,18.382794624838862,34.81548474765405,12.244469152447406,32.76660567486408,2.142470175280189,36.34419139333063,Psicologica
Baja Verapaz,2013,299476,680,1041,166,22.706327051249517,34.760715382868746,5.543015133099146,3.2723824279741947,2.932476408021828,17.504230676248874,35.28054328476297,18.716821316706618,23.28426687057924,1.9486604869104616,33.063007826387135,Psicologica
Chimaltenango,2013,615776,961,1616,343,15.606324377695787,26.24330925531362,5.5702073481265915,1.0393389804084603,3.1773399014778327,9.358587598631967,39.7263094207709,14.75674865736615,20.614654227423642,1.4770505539521461,30.973856418257935,Psicologica
Chiquimula,2013,415063,304,382,44,7.324189339931529,9.20342213109817,1.0600800360427212,2.0960673439935626,3.0157272659327985,20.84351438975461,27.39678706459148,22.093777841327807,28.37863105909786,2.3626738974620256,34.036707820765905,Psicologica
El Progreso,2013,176632,597,1026,178,33.799085103492004,58.0868698763531,10.077449159835137,4.076271570270393,3.7996482035007437,20.29035110236445,30.243005048344312,20.840024427204668,23.44559292515776,3.426497159507105,30.695256024710073,Psicologica
Escuintla,2013,733181,552,650,45,7.528836671981407,8.865477965195497,0.6137638591289191,2.0867971210383245,3.3783330875551325,23.93258951819256,27.491172313329677,19.911110628737642,22.055200408087956,5.183616048920911,30.007759429890275,Psicologica
Guatemala,2013,3015081,3371,5848,1064,11.180462481770803,19.395830493442798,3.5289267518849408,5.979938847414049,12.215548422107702,15.032453685676117,33.034474029392534,21.314537028304706,21.00012884492517,3.3694119055547036,20.609889856091065,Psicologica
Huehuetenango,2013,1170669,1414,1505,386,12.078563624730817,12.855896927312502,3.2972599428190206,1.0677655255242942,2.3664469066767917,23.631981324773854,29.816399182958857,17.36016174915608,36.5771648770733,1.9342831472211524,38.4459069584633,Psicologica
Izabal,2013,408688,596,811,204,14.58325177152253,19.8439885682966,4.991582821125162,3.0096308186195824,2.6535696605755366,25.093448594539492,25.184912299645262,20.854345578460954,27.173844238600637,3.377008039453142,30.873849662024593,Psicologica
Jalapa,2013,342923,416,713,42,12.1310031698078,20.791839567483077,1.2247647431055952,2.857784400579722,2.984230595230401,18.866085428858728,29.344547139208128,20.255077040344098,27.102956389176242,1.6277946150129574,34.04875788670401,Psicologica
Jutiapa,2013,488395,679,1040,142,13.902681231380337,21.294239294014066,2.907482672836536,6.1016185669386465,3.2240785955640465,18.29292383190202,31.48198207564825,21.452122603132732,28.17319961975558,2.486654972678975,34.31759158418804,Psicologica
Petén,2013,545600,692,962,188,12.683284457478006,17.631964809384165,3.4457478005865103,2.346041055718475,2.6312740959631578,25.729307591245863,27.000864473086562,15.554753309265944,26.384275972723625,2.383808815413777,34.4206944988141,Psicologica
Quetzaltenango,2013,799101,1367,1605,239,17.106723680736227,20.0850705980846,2.9908609800263046,3.166057857517385,11.881213795513238,14.36205967215194,35.293446209454956,19.169478922381742,23.14362523594349,2.004369156988077,30.54778198036686,Psicologica
Quiché,2013,949261,711,693,567,7.49003698666647,7.3004157971306105,5.97306747037959,1.25360675304263,1.5805467551475039,19.572474469846327,30.609735698753482,16.396780136351367,38.31978033583272,1.5600085043053045,36.256118930821835,Fisica
Retalhuleu,2013,326828,1210,1576,272,37.02253172922761,48.22108264897744,8.322420355661082,4.253001578812096,3.408938036430167,17.025846723470913,33.059992563232306,20.926036466247016,21.92316040807467,4.218354988535481,32.1626210250998,Psicologica
Sacatepéquez,2013,330469,1127,1600,183,34.10304748705627,48.41603902332745,5.5375844632930775,2.60236209750385,7.167719815620097,11.934820959037456,38.361871230741116,15.224706692478595,23.038445047877662,2.2762432493249327,22.35029208709506,Psicologica
San Marcos,2013,1032277,1555,1942,275,15.063786173672376,18.812779903068655,2.664013631999938,0.7362364946618011,2.9338896857478156,20.897340627985677,30.080213557592973,17.352008404764007,32.26850079040129,2.422489126531264,35.081320543934666,Psicologica
Santa Rosa,2013,396607,885,1252,160,22.314280887629316,31.567773639900455,4.034220273469707,1.7145436162246253,3.3948018644170395,21.22431830864855,28.435076555975343,20.540837504578196,26.000081390143652,2.98811013767209,31.783792187025757,Psicologica
Sololá,2013,421583,731,820,74,17.339408847130933,19.45049966436028,1.7552889941008059,0.9250847401342084,2.652163000644282,15.839384104460713,34.266737112234885,14.870279299589987,25.541135654794584,1.3471634567761472,31.370180813572528,Psicologica
Suchitepéquez,2013,554695,1620,2006,202,29.20523891507946,36.1640180639811,3.6416409017568214,3.677696752269265,3.1429394068764207,16.613649949014874,33.41787878432705,19.762368586286286,24.281551366058636,3.2982298902083795,31.63304190963398,Psicologica
Totonicapán,2013,418569,399,447,48,9.532478516086952,10.679242848849293,1.1467643327623402,1.6006918811474333,2.2779306737322997,10.932695910108462,37.53603309316432,15.848058815942215,28.365793886237583,1.4891246146944328,31.69004583459436,Psicologica
Zacapa,2013,245374,442,661,122,18.01331844449697,26.938469438489815,4.972001923594187,6.43915003219575,3.8874886849718675,22.96687717489367,26.262147183915452,23.702719073899583,27.594561852200833,3.5436566985071765,28.753328205431632,Psicologica
Alta Verapaz,2014,1215038,1884,2771,361,15.50568788795083,22.80587109209753,2.971100492330281,1.1275367519369766,2.070863560171225,18.382794624838862,34.81548474765405,12.244469152447406,32.76660567486408,2.142470175280189,36.34419139333063,Psicologica
Baja Verapaz,2014,299476,718,1072,157,23.975210033525222,35.7958567631463,5.242490216244374,3.7398656319705084,2.932476408021828,17.504230676248874,35.28054328476297,18.716821316706618,23.28426687057924,1.9486604869104616,33.063007826387135,Psicologica
Chimaltenango,2014,615776,1101,1779,405,17.879878397339294,28.89037572104142,6.577066985397288,1.8350828872836875,3.1773399014778327,9.358587598631967,39.7263094207709,14.75674865736615,20.614654227423642,1.4770505539521461,30.973856418257935,Psicologica
Chiquimula,2014,415063,306,412,83,7.372374796115288,9.926203973854571,1.9996964316260424,3.565723757598244,3.0157272659327985,20.84351438975461,27.39678706459148,22.093777841327807,28.37863105909786,2.3626738974620256,34.036707820765905,Psicologica
El Progreso,2014,176632,505,932,105,28.59051587481317,52.76507088183342,5.944562706644323,5.831332940803478,3.7996482035007437,20.29035110236445,30.243005048344312,20.840024427204668,23.44559292515776,3.426497159507105,30.695256024710073,Psicologica
Escuintla,2014,733181,408,464,31,5.5647923227688665,6.328587347462632,0.4228151029554776,3.5871087766867937,3.3783330875551325,23.93258951819256,27.491172313329677,19.911110628737642,22.055200408087956,5.183616048920911,30.007759429890275,Psicologica
Guatemala,2014,3015081,2897,5018,899,9.608365413731837,16.643002294134053,2.9816777725042876,6.566987752567842,12.215548422107702,15.032453685676117,33.034474029392534,21.314537028304706,21.00012884492517,3.3694119055547036,20.609889856091065,Psicologica
Huehuetenango,2014,1170669,931,1171,220,7.9527176341049435,10.002827443111588,1.8792673249227578,1.5717508535717613,2.3664469066767917,23.631981324773854,29.816399182958857,17.36016174915608,36.5771648770733,1.9342831472211524,38.4459069584633,Psicologica
Izabal,2014,408688,449,663,140,10.986375915123517,16.222644168656775,3.425596053713346,3.939435461770348,2.6535696605755366,25.093448594539492,25.184912299645262,20.854345578460954,27.173844238600637,3.377008039453142,30.873849662024593,Psicologica
Jalapa,2014,342923,486,838,38,14.172277741650458,24.436972731487824,1.1081204818574433,3.061911857763988,2.984230595230401,18.866085428858728,29.344547139208128,20.255077040344098,27.102956389176242,1.6277946150129574,34.04875788670401,Psicologica
Jutiapa,2014,488395,718,1170,163,14.701215204905864,23.956019205765827,3.337462504734897,6.818251620102581,3.2240785955640465,18.29292383190202,31.48198207564825,21.452122603132732,28.17319961975558,2.486654972678975,34.31759158418804,Psicologica
Petén,2014,545600,630,845,134,11.54692082111437,15.487536656891496,2.456011730205279,2.4376832844574783,2.6312740959631578,25.729307591245863,27.000864473086562,15.554753309265944,26.384275972723625,2.383808815413777,34.4206944988141,Psicologica
Quetzaltenango,2014,799101,1179,1270,164,14.754079897284575,15.892859600976598,2.05230627918123,4.7803719429709135,11.881213795513238,14.36205967215194,35.293446209454956,19.169478922381742,23.14362523594349,2.004369156988077,30.54778198036686,Psicologica
Quiché,2014,949261,1090,1036,826,11.4826164774493,10.913752908841719,8.70150569759002,1.6539181531738898,1.5805467551475039,19.572474469846327,30.609735698753482,16.396780136351367,38.31978033583272,1.5600085043053045,36.256118930821835,Fisica
Retalhuleu,2014,326828,1240,1526,211,37.94044573904317,46.69122596595151,6.455995202369442,4.283598712472616,3.408938036430167,17.025846723470913,33.059992563232306,20.926036466247016,21.92316040807467,4.218354988535481,32.1626210250998,Psicologica
Sacatepéquez,2014,330469,1027,1385,105,31.07704504809831,41.91013377956783,3.177302560905864,4.145623341372413,7.167719815620097,11.934820959037456,38.361871230741116,15.224706692478595,23.038445047877662,2.2762432493249327,22.35029208709506,Psicologica
San Marcos,2014,1032277,1388,1811,312,13.44600334987605,17.543740682006863,3.022444557032657,1.8405912366545025,2.9338896857478156,20.897340627985677,30.080213557592973,17.352008404764007,32.26850079040129,2.422489126531264,35.081320543934666,Psicologica
Santa Rosa,2014,396607,795,1205,289,20.045031983802605,30.38272143456873,7.286810368954658,3.3030178489033224,3.3948018644170395,21.22431830864855,28.435076555975343,20.540837504578196,26.000081390143652,2.98811013767209,31.783792187025757,Psicologica
Sololá,2014,421583,661,736,79,15.679000339197739,17.458009454840447,1.8738896018103197,1.3994871709722643,2.652163000644282,15.839384104460713,34.266737112234885,14.870279299589987,25.541135654794584,1.3471634567761472,31.370180813572528,Psicologica
Suchitepéquez,2014,554695,1491,2263,282,26.879636557026835,40.79719485483013,5.083874922254572,3.4253057986821585,3.1429394068764207,16.613649949014874,33.41787878432705,19.762368586286286,24.281551366058636,3.2982298902083795,31.63304190963398,Psicologica
Totonicapán,2014,418569,431,514,50,10.296988071261849,12.279934729996727,1.194546179960771,2.1024012767309572,2.2779306737322997,10.932695910108462,37.53603309316432,15.848058815942215,28.365793886237583,1.4891246146944328,31.69004583459436,Psicologica
Zacapa,2014,245374,443,582,64,18.054072558624792,23.71889442239194,2.6082633041805567,5.950100662661896,3.8874886849718675,22.96687717489367,26.262147183915452,23.702719073899583,27.594561852200833,3.5436566985071765,28.753328205431632,Psicologica
Alta Verapaz,2015,1215038,2007,3013,334,16.518001906113223,24.79757834734387,2.748885220050731,1.489665343799947,2.070863560171225,18.382794624838862,34.81548474765405,12.244469152447406,32.76660567486408,2.142470175280189,36.34419139333063,Psicologica
Baja Verapaz,2015,299476,504,742,79,16.82939534386729,24.77660981180462,2.6379409368363405,4.474482095393287,2.932476408021828,17.504230676248874,35.28054328476297,18.716821316706618,23.28426687057924,1.9486604869104616,33.063007826387135,Psicologica
Chimaltenango,2015,615776,1163,1686,297,18.88673803460999,27.380086265135372,4.82318245595801,2.5009094216078576,3.1773399014778327,9.358587598631967,39.7263094207709,14.75674865736615,20.614654227423642,1.4770505539521461,30.973856418257935,Psicologica
Chiquimula,2015,415063,237,333,59,5.709976557775566,8.02287845459605,1.4214709574209217,4.5053401531815656,3.0157272659327985,20.84351438975461,27.39678706459148,22.093777841327807,28.37863105909786,2.3626738974620256,34.036707820765905,Psicologica
El Progreso,2015,176632,423,768,82,23.948095475338558,43.48023008288419,4.642420399474614,6.963630599211921,3.7996482035007437,20.29035110236445,30.243005048344312,20.840024427204668,23.44559292515776,3.426497159507105,30.695256024710073,Psicologica
Escuintla,2015,733181,318,388,35,4.337264604511028,5.292008385378235,0.47737189043360373,5.3329259759868295,3.3783330875551325,23.93258951819256,27.491172313329677,19.911110628737642,22.055200408087956,5.183616048920911,30.007759429890275,Psicologica
Guatemala,2015,3015081,3005,5369,874,9.966564745690082,17.807150122998355,2.898761260476916,8.978199922323812,12.215548422107702,15.032453685676117,33.034474029392534,21.314537028304706,21.00012884492517,3.3694119055547036,20.609889856091065,Psicologica
Huehuetenango,2015,1170669,710,845,131,6.064908184977992,7.218094952544229,1.1190182707494603,1.8707252007185633,2.3664469066767917,23.631981324773854,29.816399182958857,17.36016174915608,36.5771648770733,1.9342831472211524,38.4459069584633,Psicologica
Izabal,2015,408688,364,579,134,8.9065497396547,14.167286536428767,3.2787847942684882,4.722428845476256,2.6535696605755366,25.093448594539492,25.184912299645262,20.854345578460954,27.173844238600637,3.377008039453142,30.873849662024593,Psicologica
Jalapa,2015,342923,385,650,36,11.227010145134622,18.954692452824688,1.0497983512333673,3.965904882437165,2.984230595230401,18.866085428858728,29.344547139208128,20.255077040344098,27.102956389176242,1.6277946150129574,34.04875788670401,Psicologica
Jutiapa,2015,488395,490,772,84,10.03286274429509,15.806877629787365,1.7199193275934437,6.900152540464173,3.2240785955640465,18.29292383190202,31.48198207564825,21.452122603132732,28.17319961975558,2.486654972678975,34.31759158418804,Psicologica
Petén,2015,545600,772,1052,112,14.149560117302054,19.281524926686217,2.0527859237536656,3.280791788856305,2.6312740959631578,25.729307591245863,27.000864473086562,15.554753309265944,26.384275972723625,2.383808815413777,34.4206944988141,Psicologica
Quetzaltenango,2015,799101,1191,1321,150,14.904248649419785,16.531076797551247,1.8771094016901493,6.106862586831952,11.881213795513238,14.36205967215194,35.293446209454956,19.169478922381742,23.14362523594349,2.004369156988077,30.54778198036686,Psicologica
Quiché,2015,949261,1032,1033,886,10.87161486672264,10.88214937725241,9.33357632937622,1.9278154269479102,1.5805467551475039,19.572474469846327,30.609735698753482,16.396780136351367,38.31978033583272,1.5600085043053045,36.256118930821835,Psicologica
Retalhuleu,2015,326828,1035,1377,164,31.66803333863684,42.132253050534224,5.017929920325064,5.782858261838031,3.408938036430167,17.025846723470913,33.059992563232306,20.926036466247016,21.92316040807467,4.218354988535481,32.1626210250998,Psicologica
Sacatepéquez,2015,330469,895,1416,126,27.082721828673794,42.8481945356448,3.812763073087037,4.599523707216108,7.167719815620097,11.934820959037456,38.361871230741116,15.224706692478595,23.038445047877662,2.2762432493249327,22.35029208709506,Psicologica
San Marcos,2015,1032277,1221,1635,280,11.828220526079726,15.838771957526903,2.7124502434908457,2.98369526783993,2.9338896857478156,20.897340627985677,30.080213557592973,17.352008404764007,32.26850079040129,2.422489126531264,35.081320543934666,Psicologica
Santa Rosa,2015,396607,600,843,203,15.1283260255114,21.25529806584352,5.11841697196469,5.496625122602476,3.3948018644170395,21.22431830864855,28.435076555975343,20.540837504578196,26.000081390143652,2.98811013767209,31.783792187025757,Psicologica
Sololá,2015,421583,410,481,49,9.72524983218014,11.409378461655239,1.1622859555532363,1.6604085079331945,2.652163000644282,15.839384104460713,34.266737112234885,14.870279299589987,25.541135654794584,1.3471634567761472,31.370180813572528,Psicologica
Suchitepéquez,2015,554695,1420,1931,137,25.59965386383508,34.81192366976446,2.4698257601023985,3.9120597806001496,3.1429394068764207,16.613649949014874,33.41787878432705,19.762368586286286,24.281551366058636,3.2982298902083795,31.63304190963398,Psicologica
Totonicapán,2015,418569,350,414,53,8.361823259725398,9.890842370075186,1.2662189507584172,2.8669108319058507,2.2779306737322997,10.932695910108462,37.53603309316432,15.848058815942215,28.365793886237583,1.4891246146944328,31.69004583459436,Psicologica
Zacapa,2015,245374,380,518,48,15.486563368572059,21.110631118211387,1.9561974781354179,7.661773456030386,3.8874886849718675,22.96687717489367,26.262147183915452,23.702719073899583,27.594561852200833,3.5436566985071765,28.753328205431632,Psicologica
Alta Verapaz,2016,1215038,2021,2992,496,16.633224639887807,24.624744246681995,4.082176853728032,0.9382422607358781,2.070863560171225,18.382794624838862,34.81548474765405,12.244469152447406,32.76660567486408,2.142470175280189,36.34419139333063,Psicologica
Baja Verapaz,2016,299476,393,616,46,13.122921369325088,20.569260975837796,1.5360162417021732,3.840040604255433,2.932476408021828,17.504230676248874,35.28054328476297,18.716821316706618,23.28426687057924,1.9486604869104616,33.063007826387135,Psicologica
Chimaltenango,2016,615776,995,1439,267,16.15847321103778,23.368887387621474,4.335992308891544,1.7214051863015123,3.1773399014778327,9.358587598631967,39.7263094207709,14.75674865736615,20.614654227423642,1.4770505539521461,30.973856418257935,Psicologica
Chiquimula,2016,415063,217,343,28,5.228121995937966,8.26380573551485,0.6745963865726409,3.8066510385170447,3.0157272659327985,20.84351438975461,27.39678706459148,22.093777841327807,28.37863105909786,2.3626738974620256,34.036707820765905,Psicologica
El Progreso,2016,176632,302,624,119,17.09769464196748,35.327686942343405,6.737171067530232,5.378413877440101,3.7996482035007437,20.29035110236445,30.243005048344312,20.840024427204668,23.44559292515776,3.426497159507105,30.695256024710073,Psicologica
Escuintla,2016,733181,225,235,15,3.0688192956445954,3.2052112643399107,0.20458795304297303,4.050841470250866,3.3783330875551325,23.93258951819256,27.491172313329677,19.911110628737642,22.055200408087956,5.183616048920911,30.007759429890275,Psicologica
Guatemala,2016,3015081,2712,4873,743,8.994783224729286,16.162086524375297,2.4642787374534882,7.10428675050521,12.215548422107702,15.032453685676117,33.034474029392534,21.314537028304706,21.00012884492517,3.3694119055547036,20.609889856091065,Psicologica
Huehuetenango,2016,1170669,844,1023,151,7.209552828340035,8.738593060890825,1.2898607548333474,1.5034138599382063,2.3664469066767917,23.631981324773854,29.816399182958857,17.36016174915608,36.5771648770733,1.9342831472211524,38.4459069584633,Psicologica
Izabal,2016,408688,377,579,93,9.224640801785224,14.167286536428767,2.2755745213952943,4.6245546725130176,2.6535696605755366,25.093448594539492,25.184912299645262,20.854345578460954,27.173844238600637,3.377008039453142,30.873849662024593,Psicologica
Jalapa,2016,342923,326,550,34,9.50650729172438,16.03858592162089,0.9914762206092913,3.6742942293167857,2.984230595230401,18.866085428858728,29.344547139208128,20.255077040344098,27.102956389176242,1.6277946150129574,34.04875788670401,Psicologica
Jutiapa,2016,488395,492,940,121,10.073813204475885,19.24671628497425,2.477502840938175,4.811679071243563,3.2240785955640465,18.29292383190202,31.48198207564825,21.452122603132732,28.17319961975558,2.486654972678975,34.31759158418804,Psicologica
Petén,2016,545600,644,1041,108,11.803519061583579,19.079912023460412,1.9794721407624634,2.272727272727273,2.6312740959631578,25.729307591245863,27.000864473086562,15.554753309265944,26.384275972723625,2.383808815413777,34.4206944988141,Psicologica
Quetzaltenango,2016,799101,1230,1451,151,15.392297093859224,18.157904945682713,1.8896234643680836,5.068195384563404,11.881213795513238,14.36205967215194,35.293446209454956,19.169478922381742,23.14362523594349,2.004369156988077,30.54778198036686,Psicologica
Quiché,2016,949261,938,952,842,9.88137087692426,10.02885402434104,8.87005786606634,1.7487287479418199,1.5805467551475039,19.572474469846327,30.609735698753482,16.396780136351367,38.31978033583272,1.5600085043053045,36.256118930821835,Psicologica
Retalhuleu,2016,326828,1104,1513,168,33.77923556121262,46.293463228364764,5.140318454967138,5.721663994516994,3.408938036430167,17.025846723470913,33.059992563232306,20.926036466247016,21.92316040807467,4.218354988535481,32.1626210250998,Psicologica
Sacatepéquez,2016,330469,881,1321,84,26.659081487219677,39.973492218634725,2.541842048724691,4.024583243814094,7.167719815620097,11.934820959037456,38.361871230741116,15.224706692478595,23.038445047877662,2.2762432493249327,22.35029208709506,Psicologica
San Marcos,2016,1032277,1350,1564,255,13.077885102545151,15.15097207435601,2.470267186036306,2.257146095476311,2.9338896857478156,20.897340627985677,30.080213557592973,17.352008404764007,32.26850079040129,2.422489126531264,35.081320543934666,Psicologica
Santa Rosa,2016,396607,609,950,174,15.355250915894072,23.953182873726384,4.387214547398306,4.513283930944235,3.3948018644170395,21.22431830864855,28.435076555975343,20.540837504578196,26.000081390143652,2.98811013767209,31.783792187025757,Psicologica
Sololá,2016,421583,358,426,51,8.491803512001196,10.104771776850583,1.2097261986370418,1.4943676571398752,2.652163000644282,15.839384104460713,34.266737112234885,14.870279299589987,25.541135654794584,1.3471634567761472,31.370180813572528,Psicologica
Suchitepéquez,2016,554695,1445,1879,198,26.05035199524063,33.87447155644093,3.5695292007319335,3.3892499481697147,3.1429394068764207,16.613649949014874,33.41787878432705,19.762368586286286,24.281551366058636,3.2982298902083795,31.63304190963398,Psicologica
Totonicapán,2016,418569,317,436,107,7.573422780951289,10.416442689257924,2.5563288251160503,2.054619429532526,2.2779306737322997,10.932695910108462,37.53603309316432,15.848058815942215,28.365793886237583,1.4891246146944328,31.69004583459436,Psicologica
Zacapa,2016,245374,349,484,57,14.223185830609602,19.72499123786546,2.3229845052858087,6.031608890917538,3.8874886849718675,22.96687717489367,26.262147183915452,23.702719073899583,27.594561852200833,3.5436566985071765,28.753328205431632,Psicologica
Alta Verapaz,2017,1215038,2272,3556,481,18.699003652560663,29.26657437874371,3.958723924683837,0.9217818701966523,2.070863560171225,18.382794624838862,34.81548474765405,12.244469152447406,32.76660567486408,2.142470175280189,36.34419139333063,Psicologica
Baja Verapaz,2017,299476,310,555,47,10.351413802775514,18.532369872711,1.5694078991304814,3.9068239191120493,2.932476408021828,17.504230676248874,35.28054328476297,18.716821316706618,23.28426687057924,1.9486604869104616,33.063007826387135,Psicologica
Chimaltenango,2017,615776,949,1488,281,15.4114483188692,24.1646312944967,4.563347710855895,2.0949176323858025,3.1773399014778327,9.358587598631967,39.7263094207709,14.75674865736615,20.614654227423642,1.4770505539521461,30.973856418257935,Psicologica
Chiquimula,2017,415063,200,392,34,4.818545618376006,9.44434941201697,0.8191527551239209,3.9512074070683245,3.0157272659327985,20.84351438975461,27.39678706459148,22.093777841327807,28.37863105909786,2.3626738974620256,34.036707820765905,Psicologica
El Progreso,2017,176632,361,767,105,20.43797273427239,43.42361519996377,5.944562706644323,6.114407355405589,3.7996482035007437,20.29035110236445,30.243005048344312,20.840024427204668,23.44559292515776,3.426497159507105,30.695256024710073,Psicologica
Escuintla,2017,733181,266,320,21,3.628026367295388,4.364542998250091,0.2864231342601622,4.705522919988379,3.3783330875551325,23.93258951819256,27.491172313329677,19.911110628737642,22.055200408087956,5.183616048920911,30.007759429890275,Psicologica
Guatemala,2017,3015081,2165,4440,643,7.1805699415703925,14.725972536061219,2.132612689344001,6.882070498271854,12.215548422107702,15.032453685676117,33.034474029392534,21.314537028304706,21.00012884492517,3.3694119055547036,20.609889856091065,Psicologica
Huehuetenango,2017,1170669,691,870,88,5.902607825098299,7.431648057649088,0.7517069299691032,1.5973772261843442,2.3664469066767917,23.631981324773854,29.816399182958857,17.36016174915608,36.5771648770733,1.9342831472211524,38.4459069584633,Psicologica
Izabal,2017,408688,403,631,143,9.860822926046275,15.439650784950867,3.4990016834357753,5.970324550757546,2.6535696605755366,25.093448594539492,25.184912299645262,20.854345578460954,27.173844238600637,3.377008039453142,30.873849662024593,Psicologica
Jalapa,2017,342923,313,644,42,9.127413442667889,18.77972606095246,1.2247647431055952,3.820099555876975,2.984230595230401,18.866085428858728,29.344547139208128,20.255077040344098,27.102956389176242,1.6277946150129574,34.04875788670401,Psicologica
Jutiapa,2017,488395,510,1017,137,10.442367346103051,20.82330900193491,2.8051065223845453,3.6855414162716653,3.2240785955640465,18.29292383190202,31.48198207564825,21.452122603132732,28.17319961975558,2.486654972678975,34.31759158418804,Psicologica
Petén,2017,545600,544,858,74,9.970674486803519,15.725806451612904,1.3563049853372433,2.8225806451612905,2.6312740959631578,25.729307591245863,27.000864473086562,15.554753309265944,26.384275972723625,2.383808815413777,34.4206944988141,Psicologica
Quetzaltenango,2017,799101,951,1129,88,11.900873606715548,14.128376763387857,1.101237515658221,5.743954769171856,11.881213795513238,14.36205967215194,35.293446209454956,19.169478922381742,23.14362523594349,2.004369156988077,30.54778198036686,Psicologica
Quiché,2017,949261,610,667,540,6.4260514231596995,7.026518523356589,5.6886356860758,1.3694863688701,1.5805467551475039,19.572474469846327,30.609735698753482,16.396780136351367,38.31978033583272,1.5600085043053045,36.256118930821835,Psicologica
Retalhuleu,2017,326828,851,1341,86,26.0381607451014,41.03075623875556,2.631353494804607,4.6813614500593586,3.408938036430167,17.025846723470913,33.059992563232306,20.926036466247016,21.92316040807467,4.218354988535481,32.1626210250998,Psicologica
Sacatepéquez,2017,330469,928,1418,77,28.081302633529926,42.90871458442395,2.3300218779976336,4.660043755995267,7.167719815620097,11.934820959037456,38.361871230741116,15.224706692478595,23.038445047877662,2.2762432493249327,22.35029208709506,Psicologica
San Marcos,2017,1032277,1169,1390,155,11.324479766574283,13.465377994472414,1.5015349562181468,2.867447400261751,2.9338896857478156,20.897340627985677,30.080213557592973,17.352008404764007,32.26850079040129,2.422489126531264,35.081320543934666,Psicologica
Santa Rosa,2017,396607,447,1028,150,11.270602889005993,25.919865257042865,3.78208150637785,4.336786793979935,3.3948018644170395,21.22431830864855,28.435076555975343,20.540837504578196,26.000081390143652,2.98811013767209,31.783792187025757,Psicologica
Sololá,2017,421583,335,400,60,7.946240716537432,9.488048616761112,1.423207292514167,1.5892481433074863,2.652163000644282,15.839384104460713,34.266737112234885,14.870279299589987,25.541135654794584,1.3471634567761472,31.370180813572528,Psicologica
Suchitepéquez,2017,554695,1082,1714,249,19.506215127232082,30.899863889164315,4.48895338879925,2.8484121904830584,3.1429394068764207,16.613649949014874,33.41787878432705,19.762368586286286,24.281551366058636,3.2982298902083795,31.63304190963398,Psicologica
Totonicapán,2017,418569,293,363,28,7.000040614570119,8.672405266515199,0.6689458607780318,2.5802197487152654,2.2779306737322997,10.932695910108462,37.53603309316432,15.848058815942215,28.365793886237583,1.4891246146944328,31.69004583459436,Psicologica
Zacapa,2017,245374,381,619,107,15.527317482699878,25.226796645121325,4.360690211676869,6.724428831090498,3.8874886849718675,22.96687717489367,26.262147183915452,23.702719073899583,27.594561852200833,3.5436566985071765,28.753328205431632,Psicologica
Alta Verapaz,2018,1215038,1987,3328,508,16.353398000720965,27.390089857271953,4.180939196963387,1.0946159708585246,2.070863560171225,18.382794624838862,34.81548474765405,12.244469152447406,32.76660567486408,2.142470175280189,36.34419139333063,Psicologica
Baja Verapaz,2018,299476,272,475,31,9.082530820499807,15.861037278446352,1.0351413802775515,4.674832039963136,2.932476408021828,17.504230676248874,35.28054328476297,18.716821316706618,23.28426687057924,1.9486604869104616,33.063007826387135,Psicologica
Chimaltenango,2018,615776,930,1455,257,15.102894559060438,23.62872213272359,4.173595593202723,2.387231720625682,3.1773399014778327,9.358587598631967,39.7263094207709,14.75674865736615,20.614654227423642,1.4770505539521461,30.973856418257935,Psicologica
Chiquimula,2018,415063,244,486,59,5.878625654418727,11.709065852653694,1.4214709574209217,4.192134687987125,3.0157272659327985,20.84351438975461,27.39678706459148,22.093777841327807,28.37863105909786,2.3626738974620256,34.036707820765905,Psicologica
El Progreso,2018,176632,476,960,140,26.94868427012093,54.35028760360523,7.926083608859097,6.510711535848544,3.7996482035007437,20.29035110236445,30.243005048344312,20.840024427204668,23.44559292515776,3.426497159507105,30.695256024710073,Psicologica
Escuintla,2018,733181,357,449,40,4.869193282422758,6.123999394419658,0.5455678747812613,4.119037454598524,3.3783330875551325,23.93258951819256,27.491172313329677,19.911110628737642,22.055200408087956,5.183616048920911,30.007759429890275,Psicologica
Guatemala,2018,3015081,2226,4442,781,7.382886230917179,14.732605857023408,2.5903118357350934,7.2469031511922894,12.215548422107702,15.032453685676117,33.034474029392534,21.314537028304706,21.00012884492517,3.3694119055547036,20.609889856091065,Psicologica
Huehuetenango,2018,1170669,657,877,133,5.61217560215569,7.491442927078448,1.136102519157849,1.6486299714095103,2.3664469066767917,23.631981324773854,29.816399182958857,17.36016174915608,36.5771648770733,1.9342831472211524,38.4459069584633,Psicologica
Izabal,2018,408688,458,780,121,11.206592804290803,19.0854637278315,2.960693732137963,5.896918921035118,2.6535696605755366,25.093448594539492,25.184912299645262,20.854345578460954,27.173844238600637,3.377008039453142,30.873849662024593,Psicologica
Jalapa,2018,342923,253,499,51,7.377749523945608,14.551371590706951,1.4872143309139367,4.315837666181621,2.984230595230401,18.866085428858728,29.344547139208128,20.255077040344098,27.102956389176242,1.6277946150129574,34.04875788670401,Psicologica
Jutiapa,2018,488395,632,1165,162,12.940345417131626,23.85364305531383,3.3169872746444993,5.139282752689933,3.2240785955640465,18.29292383190202,31.48198207564825,21.452122603132732,28.17319961975558,2.486654972678975,34.31759158418804,Psicologica
Petén,2018,545600,359,679,57,6.579912023460411,12.445014662756599,1.0447214076246334,3.0608504398826977,2.6312740959631578,25.729307591245863,27.000864473086562,15.554753309265944,26.384275972723625,2.383808815413777,34.4206944988141,Psicologica
Quetzaltenango,2018,799101,1025,1396,118,12.826914244882687,17.46963149839632,1.4766593959962508,6.7075375953728,11.881213795513238,14.36205967215194,35.293446209454956,19.169478922381742,23.14362523594349,2.004369156988077,30.54778198036686,Psicologica
Quiché,2018,949261,512,575,445,5.39366939124224,6.057343554617749,4.68785718574765,2.07529857436469,1.5805467551475039,19.572474469846327,30.609735698753482,16.396780136351367,38.31978033583272,1.5600085043053045,36.256118930821835,Psicologica
Retalhuleu,2018,326828,808,1280,142,24.722483997699097,39.164331085463914,4.344792979793653,4.6813614500593586,3.408938036430167,17.025846723470913,33.059992563232306,20.926036466247016,21.92316040807467,4.218354988535481,32.1626210250998,Psicologica
Sacatepéquez,2018,330469,972,1528,81,29.412743706671424,46.23731726727772,2.451061975555952,4.629783731605688,7.167719815620097,11.934820959037456,38.361871230741116,15.224706692478595,23.038445047877662,2.2762432493249327,22.35029208709506,Psicologica
San Marcos,2018,1032277,1084,1301,127,10.501057371228846,12.60320630993425,1.2302899318690623,2.6543263097017564,2.9338896857478156,20.897340627985677,30.080213557592973,17.352008404764007,32.26850079040129,2.422489126531264,35.081320543934666,Psicologica
Santa Rosa,2018,396607,565,1174,244,14.245840340689902,29.60109125658397,6.152185917041303,4.387214547398306,3.3948018644170395,21.22431830864855,28.435076555975343,20.540837504578196,26.000081390143652,2.98811013767209,31.783792187025757,Psicologica
Sololá,2018,421583,287,397,71,6.807674882526098,9.416888252135404,1.6841286294750974,1.6841286294750974,2.652163000644282,15.839384104460713,34.266737112234885,14.870279299589987,25.541135654794584,1.3471634567761472,31.370180813572528,Psicologica
Suchitepéquez,2018,554695,1072,1636,225,19.325935874669863,29.49368571917901,4.056283182649925,3.695724677525487,3.1429394068764207,16.613649949014874,33.41787878432705,19.762368586286286,24.281551366058636,3.2982298902083795,31.63304190963398,Psicologica
Totonicapán,2018,418569,224,319,11,5.351566886224254,7.621204628149719,0.26280015959136965,3.2252746858940817,2.2779306737322997,10.932695910108462,37.53603309316432,15.848058815942215,28.365793886237583,1.4891246146944328,31.69004583459436,Psicologica
Zacapa,2018,245374,309,566,118,12.593021265496752,23.066828596346802,4.808985467082902,6.561412374579214,3.8874886849718675,22.96687717489367,26.262147183915452,23.702719073899583,27.594561852200833,3.5436566985071765,28.753328205431632,Psicologica
Alta Verapaz,2019,1215038,2356,3617,391,19.39034005520815,29.7686162901901,3.21800635041867,1.1110763613977506,2.070863560171225,18.382794624838862,34.81548474765405,12.244469152447406,32.76660567486408,2.142470175280189,36.34419139333063,Psicologica
Baja Verapaz,2019,299476,344,725,26,11.486730155337991,24.20895163552338,0.8681830931360109,5.275881873672681,2.932476408021828,17.504230676248874,35.28054328476297,18.716821316706618,23.28426687057924,1.9486604869104616,33.063007826387135,Psicologica
Chimaltenango,2019,615776,937,1527,287,15.216572260042614,24.797978485683103,4.660785740269189,2.7932235098477367,3.1773399014778327,9.358587598631967,39.7263094207709,14.75674865736615,20.614654227423642,1.4770505539521461,30.973856418257935,Psicologica
Chiquimula,2019,415063,273,464,130,6.577314769083247,11.179025834632332,3.1320546519444035,4.408969240814045,3.0157272659327985,20.84351438975461,27.39678706459148,22.093777841327807,28.37863105909786,2.3626738974620256,34.036707820765905,Psicologica
El Progreso,2019,176632,472,998,89,26.722224738439245,56.50165315458128,5.038724579917568,8.26577290638163,3.7996482035007437,20.29035110236445,30.243005048344312,20.840024427204668,23.44559292515776,3.426497159507105,30.695256024710073,Psicologica
Escuintla,2019,733181,819,1067,96,11.170502236146328,14.553023059790148,1.3093628994750273,5.305647582247767,3.3783330875551325,23.93258951819256,27.491172313329677,19.911110628737642,22.055200408087956,5.183616048920911,30.007759429890275,Psicologica
Guatemala,2019,3015081,2099,4610,892,6.961670349818131,15.289804817847347,2.9584611491366237,11.57846173950219,12.215548422107702,15.032453685676117,33.034474029392534,21.314537028304706,21.00012884492517,3.3694119055547036,20.609889856091065,Psicologica
Huehuetenango,2019,1170669,585,747,124,4.997142659453697,6.380966780533182,1.0592234013200998,2.1355310510485883,2.3664469066767917,23.631981324773854,29.816399182958857,17.36016174915608,36.5771648770733,1.9342831472211524,38.4459069584633,Psicologica
Izabal,2019,408688,363,697,103,8.88208119641389,17.054574638844304,2.5202599538033903,5.211799710292448,2.6535696605755366,25.093448594539492,25.184912299645262,20.854345578460954,27.173844238600637,3.377008039453142,30.873849662024593,Psicologica
Jalapa,2019,342923,175,351,22,5.103186429606647,10.235533924525331,0.6415434368648355,5.423958148039064,2.984230595230401,18.866085428858728,29.344547139208128,20.255077040344098,27.102956389176242,1.6277946150129574,34.04875788670401,Psicologica
Jutiapa,2019,488395,534,1037,97,10.933772868272607,21.232813603742873,1.9860973187686197,4.791203841153165,3.2240785955640465,18.29292383190202,31.48198207564825,21.452122603132732,28.17319961975558,2.486654972678975,34.31759158418804,Psicologica
Petén,2019,545600,393,683,50,7.20307917888563,12.518328445747802,0.9164222873900293,3.464076246334311,2.6312740959631578,25.729307591245863,27.000864473086562,15.554753309265944,26.384275972723625,2.383808815413777,34.4206944988141,Psicologica
Quetzaltenango,2019,799101,1235,1756,106,15.454867407248896,21.97469406245268,1.3264906438610389,8.196711054046986,11.881213795513238,14.36205967215194,35.293446209454956,19.169478922381742,23.14362523594349,2.004369156988077,30.54778198036686,Psicologica
Quiché,2019,949261,485,570,327,5.10923760693845,6.0046710019689,3.44478494323479,2.15957465860285,1.5805467551475039,19.572474469846327,30.609735698753482,16.396780136351367,38.31978033583272,1.5600085043053045,36.256118930821835,Psicologica
Retalhuleu,2019,326828,964,1695,98,29.49563684874001,51.86214155457917,2.998519098730831,6.02763533112218,3.408938036430167,17.025846723470913,33.059992563232306,20.926036466247016,21.92316040807467,4.218354988535481,32.1626210250998,Psicologica
Sacatepéquez,2019,330469,674,1117,62,20.395256438576688,33.80044724316048,1.876121512153939,5.083684097449382,7.167719815620097,11.934820959037456,38.361871230741116,15.224706692478595,23.038445047877662,2.2762432493249327,22.35029208709506,Psicologica
San Marcos,2019,1032277,1007,1259,72,9.755133554268864,12.196338773410625,0.6974872054690747,3.0515065239272015,2.9338896857478156,20.897340627985677,30.080213557592973,17.352008404764007,32.26850079040129,2.422489126531264,35.081320543934666,Psicologica
Santa Rosa,2019,396607,652,1206,242,16.439447614389053,30.407935311277914,6.101758163622931,5.244486355510619,3.3948018644170395,21.22431830864855,28.435076555975343,20.540837504578196,26.000081390143652,2.98811013767209,31.783792187025757,Psicologica
Sololá,2019,421583,298,422,47,7.068596219487028,10.009891290682974,1.1148457124694306,2.609213369609306,2.652163000644282,15.839384104460713,34.266737112234885,14.870279299589987,25.541135654794584,1.3471634567761472,31.370180813572528,Psicologica
Suchitepéquez,2019,554695,1021,1565,115,18.40651168660255,28.213703025987254,2.073211404465517,4.398813762518141,3.1429394068764207,16.613649949014874,33.41787878432705,19.762368586286286,24.281551366058636,3.2982298902083795,31.63304190963398,Psicologica
Totonicapán,2019,418569,250,348,13,5.972730899803855,8.314041412526967,0.31058200678980047,3.7508750050768214,2.2779306737322997,10.932695910108462,37.53603309316432,15.848058815942215,28.365793886237583,1.4891246146944328,31.69004583459436,Psicologica
Zacapa,2019,245374,363,606,122,14.793743428399099,24.69699316145965,4.972001923594187,8.069314597308598,3.8874886849718675,22.96687717489367,26.262147183915452,23.702719073899583,27.594561852200833,3.5436566985071765,28.753328205431632,Psicologica
Alta Verapaz,2020,1215038,2017,3270,388,16.600303858809355,26.912738531634403,3.193315764609831,0.8394799175005226,2.070863560171225,18.382794624838862,34.81548474765405,12.244469152447406,32.76660567486408,2.142470175280189,36.34419139333063,Psicologica
Baja Verapaz,2020,299476,425,797,69,14.191454407030948,26.613150970361566,2.3040243625532595,1.6695828714154055,2.932476408021828,17.504230676248874,35.28054328476297,18.716821316706618,23.28426687057924,1.9486604869104616,33.063007826387135,Psicologica
Chimaltenango,2020,615776,1003,1638,265,16.288390583588836,26.60058202982903,4.3035129657537805,1.9812399314036273,3.1773399014778327,9.358587598631967,39.7263094207709,14.75674865736615,20.614654227423642,1.4770505539521461,30.973856418257935,Psicologica
Chiquimula,2020,415063,329,536,179,7.926507542228529,12.913702257247694,4.312598328446525,2.481550993463643,3.0157272659327985,20.84351438975461,27.39678706459148,22.093777841327807,28.37863105909786,2.3626738974620256,34.036707820765905,Psicologica
El Progreso,2020,176632,357,845,52,20.211513202590698,47.83957606775669,2.9439739118619506,3.8498120385887042,3.7996482035007437,20.29035110236445,30.243005048344312,20.840024427204668,23.44559292515776,3.426497159507105,30.695256024710073,Psicologica
Escuintla,2020,733181,845,993,61,11.525121354754146,13.543722491444814,0.8319910090414235,2.3459418615594236,3.3783330875551325,23.93258951819256,27.491172313329677,19.911110628737642,22.055200408087956,5.183616048920911,30.007759429890275,Psicologica
Guatemala,2020,3015081,1433,3141,569,4.752774469408948,10.417630571118986,1.8871798137429807,4.513974914770118,12.215548422107702,15.032453685676117,33.034474029392534,21.314537028304706,21.00012884492517,3.3694119055547036,20.609889856091065,Psicologica
Huehuetenango,2020,1170669,455,659,194,3.8866665129084312,5.629259850564079,1.6571720956137046,1.1788131401788209,2.3664469066767917,23.631981324773854,29.816399182958857,17.36016174915608,36.5771648770733,1.9342831472211524,38.4459069584633,Psicologica
Izabal,2020,408688,465,686,70,11.377872606976473,16.785420663195396,1.712798026856673,3.2787847942684882,2.6535696605755366,25.093448594539492,25.184912299645262,20.854345578460954,27.173844238600637,3.377008039453142,30.873849662024593,Psicologica
Jalapa,2020,342923,146,304,17,4.257515535557545,8.864963854859546,0.49573811030464565,2.6536569433954558,2.984230595230401,18.866085428858728,29.344547139208128,20.255077040344098,27.102956389176242,1.6277946150129574,34.04875788670401,Psicologica
Jutiapa,2020,488395,492,1168,104,10.073813204475885,23.915068745585028,2.1294239294014066,3.1531854339213137,3.2240785955640465,18.29292383190202,31.48198207564825,21.452122603132732,28.17319961975558,2.486654972678975,34.31759158418804,Psicologica
Petén,2020,545600,376,668,60,6.891495601173021,12.24340175953079,1.099706744868035,1.9428152492668622,2.6312740959631578,25.729307591245863,27.000864473086562,15.554753309265944,26.384275972723625,2.383808815413777,34.4206944988141,Psicologica
Quetzaltenango,2020,799101,1072,1314,79,13.4150751907456,16.443478358805706,0.988610951556812,4.692773504225373,11.881213795513238,14.36205967215194,35.293446209454956,19.169478922381742,23.14362523594349,2.004369156988077,30.54778198036686,Psicologica
Quiché,2020,949261,360,353,232,3.7924237907172,3.71868221700881,2.4440064429066397,1.5485730478761899,1.5805467551475039,19.572474469846327,30.609735698753482,16.396780136351367,38.31978033583272,1.5600085043053045,36.256118930821835,Fisica
Retalhuleu,2020,326828,720,1422,82,22.029936235573448,43.509124065257566,2.508964960162532,3.641058905601723,3.408938036430167,17.025846723470913,33.059992563232306,20.926036466247016,21.92316040807467,4.218354988535481,32.1626210250998,Psicologica
Sacatepéquez,2020,330469,783,1252,64,23.693599097040874,37.88555053575373,1.9366415609330982,2.572102073114271,7.167719815620097,11.934820959037456,38.361871230741116,15.224706692478595,23.038445047877662,2.2762432493249327,22.35029208709506,Psicologica
San Marcos,2020,1032277,972,1339,83,9.416077273832508,12.971324557265152,0.8040477507490722,1.995588393425408,2.9338896857478156,20.897340627985677,30.080213557592973,17.352008404764007,32.26850079040129,2.422489126531264,35.081320543934666,Psicologica
Santa Rosa,2020,396607,649,1093,309,16.363805984261496,27.558767243139933,7.791087903138371,4.135075780306449,3.3948018644170395,21.22431830864855,28.435076555975343,20.540837504578196,26.000081390143652,2.98811013767209,31.783792187025757,Psicologica
Sololá,2020,421583,277,443,25,6.570473667107071,10.508013843062933,0.5930030385475695,0.972524983218014,2.652163000644282,15.839384104460713,34.266737112234885,14.870279299589987,25.541135654794584,1.3471634567761472,31.370180813572528,Psicologica
Suchitepéquez,2020,554695,910,1395,96,16.40541198316192,25.14895573242953,1.730680824597301,2.8303842652268365,3.1429394068764207,16.613649949014874,33.41787878432705,19.762368586286286,24.281551366058636,3.2982298902083795,31.63304190963398,Psicologica
Totonicapán,2020,418569,264,406,15,6.307203830192871,9.699714981281462,0.35836385398823134,2.1024012767309572,2.2779306737322997,10.932695910108462,37.53603309316432,15.848058815942215,28.365793886237583,1.4891246146944328,31.69004583459436,Psicologica
Zacapa,2020,245374,401,696,135,16.342399765256303,28.364863432963556,5.501805407255862,3.708624385631729,3.8874886849718675,22.96687717489367,26.262147183915452,23.702719073899583,27.594561852200833,3.5436566985071765,28.753328205431632,Psicologica
Alta Verapaz,2021,1215038,2204,3809,419,18.13935037422698,31.34881378195579,3.448451817967833,1.5966578823049156,2.070863560171225,18.382794624838862,34.81548474765405,12.244469152447406,32.76660567486408,2.142470175280189,36.34419139333063,Psicologica
Baja Verapaz,2021,299476,489,1064,94,16.328520482442666,35.52872350371983,3.138815798260963,5.709973420240687,2.932476408021828,17.504230676248874,35.28054328476297,18.716821316706618,23.28426687057924,1.9486604869104616,33.063007826387135,Psicologica
Chimaltenango,2021,615776,1056,1934,249,17.149093176739594,31.407524814218156,4.043678220651666,4.189835264771605,3.1773399014778327,9.358587598631967,39.7263094207709,14.75674865736615,20.614654227423642,1.4770505539521461,30.973856418257935,Psicologica
Chiquimula,2021,415063,207,442,56,4.987194715019166,10.648985816610972,1.3491927731452817,6.480943856715728,3.0157272659327985,20.84351438975461,27.39678706459148,22.093777841327807,28.37863105909786,2.3626738974620256,34.036707820765905,Psicologica
El Progreso,2021,176632,384,1168,168,21.740115041442095,66.12618325105304,9.511300330630917,11.662665881606957,3.7996482035007437,20.29035110236445,30.243005048344312,20.840024427204668,23.44559292515776,3.426497159507105,30.695256024710073,Psicologica
Escuintla,2021,733181,979,1490,159,13.352773735271372,20.322403335601987,2.168632302255514,6.765041647287641,3.3783330875551325,23.93258951819256,27.491172313329677,19.911110628737642,22.055200408087956,5.183616048920911,30.007759429890275,Psicologica
Guatemala,2021,3015081,2529,6728,851,8.387834356688925,22.31449171680628,2.822478069411734,11.07432934637577,12.215548422107702,15.032453685676117,33.034474029392534,21.314537028304706,21.00012884492517,3.3694119055547036,20.609889856091065,Psicologica
Huehuetenango,2021,1170669,498,739,223,4.253977853688788,6.3126297868996275,1.904893697535341,3.408307557473547,2.3664469066767917,23.631981324773854,29.816399182958857,17.36016174915608,36.5771648770733,1.9342831472211524,38.4459069584633,Psicologica
Izabal,2021,408688,574,883,147,14.044943820224718,21.605723681634892,3.5968758563990133,7.58524840465098,2.6535696605755366,25.093448594539492,25.184912299645262,20.854345578460954,27.173844238600637,3.377008039453142,30.873849662024593,Psicologica
Jalapa,2021,342923,114,344,22,3.32436144557233,10.031406467341064,0.6415434368648355,7.086138870825229,2.984230595230401,18.866085428858728,29.344547139208128,20.255077040344098,27.102956389176242,1.6277946150129574,34.04875788670401,Psicologica
Jutiapa,2021,488395,536,1409,144,10.974723328453404,28.84959919737098,2.9484331330173323,7.59631036353771,3.2240785955640465,18.29292383190202,31.48198207564825,21.452122603132732,28.17319961975558,2.486654972678975,34.31759158418804,Psicologica
Petén,2021,545600,451,894,78,8.266129032258064,16.385630498533725,1.4296187683284458,4.728739002932552,2.6312740959631578,25.729307591245863,27.000864473086562,15.554753309265944,26.384275972723625,2.383808815413777,34.4206944988141,Psicologica
Quetzaltenango,2021,799101,1077,1280,79,13.477645504135273,16.01800022775594,0.988610951556812,9.610800136653564,11.881213795513238,14.36205967215194,35.293446209454956,19.169478922381742,23.14362523594349,2.004369156988077,30.54778198036686,Psicologica
Quiché,2021,949261,469,576,264,4.94068543846213,6.067878065147521,2.78111077985928,2.9496629483356,1.5805467551475039,19.572474469846327,30.609735698753482,16.396780136351367,38.31978033583272,1.5600085043053045,36.256118930821835,Psicologica
Retalhuleu,2021,326828,777,1494,84,23.773972854223015,45.71211768881491,2.570159227483569,9.54630570208183,3.408938036430167,17.025846723470913,33.059992563232306,20.926036466247016,21.92316040807467,4.218354988535481,32.1626210250998,Psicologica
Sacatepéquez,2021,330469,927,1545,78,28.051042609140342,46.75173768190057,2.3602819023872135,5.719144609630556,7.167719815620097,11.934820959037456,38.361871230741116,15.224706692478595,23.038445047877662,2.2762432493249327,22.35029208709506,Psicologica
San Marcos,2021,1032277,908,1194,65,8.796088646748887,11.566662824028821,0.6296759493818035,4.378669678778079,2.9338896857478156,20.897340627985677,30.080213557592973,17.352008404764007,32.26850079040129,2.422489126531264,35.081320543934666,Psicologica
Santa Rosa,2021,396607,751,1433,250,18.935621408598436,36.13148532426306,6.303469177296416,8.14408217706697,3.3948018644170395,21.22431830864855,28.435076555975343,20.540837504578196,26.000081390143652,2.98811013767209,31.783792187025757,Psicologica
Sololá,2021,421583,262,418,24,6.214671843978529,9.915010804515362,0.5692829170056668,2.277131668022667,2.652163000644282,15.839384104460713,34.266737112234885,14.870279299589987,25.541135654794584,1.3471634567761472,31.370180813572528,Psicologica
Suchitepéquez,2021,554695,893,1499,87,16.098937253806145,27.02385995907661,1.5684294972913044,5.931187409297001,3.1429394068764207,16.613649949014874,33.41787878432705,19.762368586286286,24.281551366058636,3.2982298902083795,31.63304190963398,Psicologica
Totonicapán,2021,418569,286,464,51,6.832804149375611,11.085388550035955,1.2184371035599866,4.3003662478587765,2.2779306737322997,10.932695910108462,37.53603309316432,15.848058815942215,28.365793886237583,1.4891246146944328,31.69004583459436,Psicologica
Zacapa,2021,245374,588,907,108,23.963419107158867,36.96398151393383,4.4014443258046905,7.254232314752175,3.8874886849718675,22.96687717489367,26.262147183915452,23.702719073899583,27.594561852200833,3.5436566985071765,28.753328205431632,Psicologica
Alta Verapaz,2022,1215038,2326,3804,347,19.14343419711976,31.307662805607727,2.8558777585556996,1.6295786633833673,2.070863560171225,18.382794624838862,34.81548474765405,12.244469152447406,32.76660567486408,2.142470175280189,36.34419139333063,Psicologica
Baja Verapaz,2022,299476,535,1232,91,17.86453672414484,41.13852195167559,3.0386408259760382,4.841790327104676,2.932476408021828,17.504230676248874,35.28054328476297,18.716821316706618,23.28426687057924,1.9486604869104616,33.063007826387135,Psicologica
Chimaltenango,2022,615776,1043,1923,131,16.937977446344124,31.228888426960452,2.127396975523567,3.4103310294652602,3.1773399014778327,9.358587598631967,39.7263094207709,14.75674865736615,20.614654227423642,1.4770505539521461,30.973856418257935,Psicologica
Chiquimula,2022,415063,205,447,87,4.939009258835405,10.769449457070372,2.0960673439935626,5.1076583554785655,3.0157272659327985,20.84351438975461,27.39678706459148,22.093777841327807,28.37863105909786,2.3626738974620256,34.036707820765905,Psicologica
El Progreso,2022,176632,392,1043,144,22.193034104805474,59.049322886000276,8.152543140540786,10.134064042755558,3.7996482035007437,20.29035110236445,30.243005048344312,20.840024427204668,23.44559292515776,3.426497159507105,30.695256024710073,Psicologica
Escuintla,2022,733181,1026,1625,177,13.993815988139353,22.163694912988746,2.4141378459070815,6.778680844157172,3.3783330875551325,23.93258951819256,27.491172313329677,19.911110628737642,22.055200408087956,5.183616048920911,30.007759429890275,Psicologica
Guatemala,2022,3015081,2507,7321,877,8.314867826104837,24.28127138209554,2.9087112419202006,10.928396285207596,12.215548422107702,15.032453685676117,33.034474029392534,21.314537028304706,21.00012884492517,3.3694119055547036,20.609889856091065,Psicologica
Huehuetenango,2022,1170669,594,815,211,5.074021777291446,6.961831226418398,1.8023882070850088,3.8439558918874592,2.3664469066767917,23.631981324773854,29.816399182958857,17.36016174915608,36.5771648770733,1.9342831472211524,38.4459069584633,Psicologica
Izabal,2022,408688,485,901,109,11.867243471792664,22.04615745996946,2.667071213248248,6.998003366871551,2.6535696605755366,25.093448594539492,25.184912299645262,20.854345578460954,27.173844238600637,3.377008039453142,30.873849662024593,Psicologica
Jalapa,2022,342923,137,416,21,3.9950659477492034,12.1310031698078,0.6123823715527976,6.940333544265039,2.984230595230401,18.866085428858728,29.344547139208128,20.255077040344098,27.102956389176242,1.6277946150129574,34.04875788670401,Psicologica
Jutiapa,2022,488395,388,1116,98,7.944389275074479,22.850356780884326,2.0065725488590176,8.231042496340052,3.2240785955640465,18.29292383190202,31.48198207564825,21.452122603132732,28.17319961975558,2.486654972678975,34.31759158418804,Psicologica
Petén,2022,545600,382,920,71,7.001466275659824,16.86217008797654,1.3013196480938418,5.975073313782991,2.6312740959631578,25.729307591245863,27.000864473086562,15.554753309265944,26.384275972723625,2.383808815413777,34.4206944988141,Psicologica
Quetzaltenango,2022,799101,1144,1731,109,14.316087703556873,21.661842495504324,1.3640328318948418,9.936165766279856,11.881213795513238,14.36205967215194,35.293446209454956,19.169478922381742,23.14362523594349,2.004369156988077,30.54778198036686,Psicologica
Quiché,2022,949261,425,596,283,4.47716697515225,6.27856827574292,2.9812664799249102,3.3078363063477796,1.5805467551475039,19.572474469846327,30.609735698753482,16.396780136351367,38.31978033583272,1.5600085043053045,36.256118930821835,Psicologica
Retalhuleu,2022,326828,717,1493,94,21.938144834591895,45.68152055515439,2.876130564088756,10.127651241631684,3.408938036430167,17.025846723470913,33.059992563232306,20.926036466247016,21.92316040807467,4.218354988535481,32.1626210250998,Psicologica
Sacatepéquez,2022,330469,997,1532,90,30.16924431641092,46.35835736483604,2.723402195062169,5.265244243786861,7.167719815620097,11.934820959037456,38.361871230741116,15.224706692478595,23.038445047877662,2.2762432493249327,22.35029208709506,Psicologica
San Marcos,2022,1032277,976,1328,87,9.454826563025234,12.864764011985155,0.8427970399417986,5.4733370984726,2.9338896857478156,20.897340627985677,30.080213557592973,17.352008404764007,32.26850079040129,2.422489126531264,35.081320543934666,Psicologica
Santa Rosa,2022,396607,503,1032,158,12.682579984720391,26.02072076387961,3.983792520051335,7.96758504010267,3.3948018644170395,21.22431830864855,28.435076555975343,20.540837504578196,26.000081390143652,2.98811013767209,31.783792187025757,Psicologica
Sololá,2022,421583,177,277,23,4.198461512916792,6.570473667107071,0.545562795463764,3.249656651240681,2.652163000644282,15.839384104460713,34.266737112234885,14.870279299589987,25.541135654794584,1.3471634567761472,31.370180813572528,Psicologica
Suchitepéquez,2022,554695,910,1411,75,16.40541198316192,25.43740253652908,1.3520943942166417,8.743543749267616,3.1429394068764207,16.613649949014874,33.41787878432705,19.762368586286286,24.281551366058636,3.2982298902083795,31.63304190963398,Psicologica
Totonicapán,2022,418569,230,362,30,5.494912427819547,8.648514342915982,0.7167277079764627,4.8020756434423,2.2779306737322997,10.932695910108462,37.53603309316432,15.848058815942215,28.365793886237583,1.4891246146944328,31.69004583459436,Psicologica
Zacapa,2022,245374,425,810,68,17.32049850432401,33.01083244353518,2.771279760691842,7.947052254925135,3.8874886849718675,22.96687717489367,26.262147183915452,23.702719073899583,27.594561852200833,3.5436566985071765,28.753328205431632,Psicologica
Alta Verapaz,2023,1215038,2193,3542,272,18.048818226261236,29.15135164496913,2.238613113334727,,2.070863560171225,18.382794624838862,34.81548474765405,12.244469152447406,32.76660567486408,2.142470175280189,36.34419139333063,Psicologica
Baja Verapaz,2023,299476,442,995,71,14.759112583312184,33.224699141166575,2.370807677409876,,2.932476408021828,17.504230676248874,35.28054328476297,18.716821316706618,23.28426687057924,1.9486604869104616,33.063007826387135,Psicologica
Chimaltenango,2023,615776,963,1916,108,15.638803720833549,31.11521072597828,1.7538845294392766,,3.1773399014778327,9.358587598631967,39.7263094207709,14.75674865736615,20.614654227423642,1.4770505539521461,30.973856418257935,Psicologica
Chiquimula,2023,415063,189,355,44,4.553525609365325,8.55291847261741,1.0600800360427212,,3.0157272659327985,20.84351438975461,27.39678706459148,22.093777841327807,28.37863105909786,2.3626738974620256,34.036707820765905,Psicologica
El Progreso,2023,176632,330,898,40,18.6829113637393,50.84016486253906,2.2645953168168846,,3.7996482035007437,20.29035110236445,30.243005048344312,20.840024427204668,23.44559292515776,3.426497159507105,30.695256024710073,Psicologica
Escuintla,2023,733181,833,1475,133,11.361450992319769,20.117815382559016,1.814013183647694,,3.3783330875551325,23.93258951819256,27.491172313329677,19.911110628737642,22.055200408087956,5.183616048920911,30.007759429890275,Psicologica
Guatemala,2023,3015081,2707,7746,895,8.978199922323812,25.69085208656086,2.968411130579908,,12.215548422107702,15.032453685676117,33.034474029392534,21.314537028304706,21.00012884492517,3.3694119055547036,20.609889856091065,Psicologica
Huehuetenango,2023,1170669,578,803,203,4.9373477900243365,6.859325735968066,1.7340512134514539,,2.3664469066767917,23.631981324773854,29.816399182958857,17.36016174915608,36.5771648770733,1.9342831472211524,38.4459069584633,Psicologica
Izabal,2023,408688,282,661,49,6.900129193908312,16.173707082175156,1.198958618799671,,2.6535696605755366,25.093448594539492,25.184912299645262,20.854345578460954,27.173844238600637,3.377008039453142,30.873849662024593,Psicologica
Jalapa,2023,342923,200,428,20,5.832213062407596,12.480935953552255,0.5832213062407595,,2.984230595230401,18.866085428858728,29.344547139208128,20.255077040344098,27.102956389176242,1.6277946150129574,34.04875788670401,Psicologica
Jutiapa,2023,488395,318,1094,36,6.511123168746608,22.399901718895567,0.7371082832543331,,3.2240785955640465,18.29292383190202,31.48198207564825,21.452122603132732,28.17319961975558,2.486654972678975,34.31759158418804,Psicologica
Petén,2023,545600,417,863,99,7.642961876832844,15.817448680351905,1.8145161290322582,,2.6312740959631578,25.729307591245863,27.000864473086562,15.554753309265944,26.384275972723625,2.383808815413777,34.4206944988141,Psicologica
Quetzaltenango,2023,799101,971,1570,53,12.151154860274232,19.647078404356897,0.6632453219305194,,11.881213795513238,14.36205967215194,35.293446209454956,19.169478922381742,23.14362523594349,2.004369156988077,30.54778198036686,Psicologica
Quiché,2023,949261,641,1188,44,6.75262124958257,12.51499850936676,0.46351846330988,,1.5805467551475039,19.572474469846327,30.609735698753482,16.396780136351367,38.31978033583272,1.5600085043053045,36.256118930821835,Psicologica
Retalhuleu,2023,326828,753,1507,80,23.03964164637057,46.10988042640166,2.4477706928414946,,3.408938036430167,17.025846723470913,33.059992563232306,20.926036466247016,21.92316040807467,4.218354988535481,32.1626210250998,Psicologica
Sacatepéquez,2023,330469,651,1258,85,19.699275877616355,38.06711068209121,2.572102073114271,,7.167719815620097,11.934820959037456,38.361871230741116,15.224706692478595,23.038445047877662,2.2762432493249327,22.35029208709506,Psicologica
San Marcos,2023,1032277,1045,1413,93,10.123251801599764,13.68818640733059,0.9009209737308882,,2.9338896857478156,20.897340627985677,30.080213557592973,17.352008404764007,32.26850079040129,2.422489126531264,35.081320543934666,Psicologica
Santa Rosa,2023,396607,322,824,44,8.118868300357784,20.77623440836899,1.1094105752041694,,3.3948018644170395,21.22431830864855,28.435076555975343,20.540837504578196,26.000081390143652,2.98811013767209,31.783792187025757,Psicologica
Sololá,2023,421583,214,336,16,5.076106009967195,7.969960838079335,0.3795219446704445,,2.652163000644282,15.839384104460713,34.266737112234885,14.870279299589987,25.541135654794584,1.3471634567761472,31.370180813572528,Psicologica
Suchitepéquez,2023,554695,755,1360,78,13.611083568447524,24.51797834846177,1.4061781699853073,,3.1429394068764207,16.613649949014874,33.41787878432705,19.762368586286286,24.281551366058636,3.2982298902083795,31.63304190963398,Psicologica
Totonicapán,2023,418569,288,455,26,6.880585996574042,10.870370237643016,0.6211640135796009,,2.2779306737322997,10.932695910108462,37.53603309316432,15.848058815942215,28.365793886237583,1.4891246146944328,31.69004583459436,Psicologica
Zacapa,2023,245374,335,661,53,13.652628232820105,26.938469438489815,2.1599680487745236,,3.8874886849718675,22.96687717489367,26.262147183915452,23.702719073899583,27.594561852200833,3.5436566985071765,28.753328205431632,Psicologica
